taskId,sourceVehicleId,profileId,activationTimeNs,activationTimeMs,inputSizeBits,outputSizeBits,cpuCycles,deadlineSeconds
perception_light__veh_0__t_7000,veh_0,perception_light,7000000000,7000,8000000,64000,1500000000,0.5
planning_medium__veh_0__t_8000,veh_0,planning_medium,8000000000,8000,2000000,32000,3000000000,1.0
cooperative_awareness__veh_0__t_9000,veh_0,cooperative_awareness,9000000000,9000,512000,16000,800000000,0.75
perception_light__veh_1__t_11000,veh_1,perception_light,11000000000,11000,8000000,64000,1500000000,0.5
perception_light__veh_0__t_12000,veh_0,perception_light,12000000000,12000,8000000,64000,1500000000,0.5
planning_medium__veh_1__t_12000,veh_1,planning_medium,12000000000,12000,2000000,32000,3000000000,1.0
cooperative_awareness__veh_1__t_13000,veh_1,cooperative_awareness,13000000000,13000,512000,16000,800000000,0.75
perception_light__veh_2__t_15000,veh_2,perception_light,15000000000,15000,8000000,64000,1500000000,0.5
perception_light__veh_1__t_16000,veh_1,perception_light,16000000000,16000,8000000,64000,1500000000,0.5
planning_medium__veh_2__t_16000,veh_2,planning_medium,16000000000,16000,2000000,32000,3000000000,1.0
perception_light__veh_0__t_17000,veh_0,perception_light,17000000000,17000,8000000,64000,1500000000,0.5
cooperative_awareness__veh_2__t_17000,veh_2,cooperative_awareness,17000000000,17000,512000,16000,800000000,0.75
planning_medium__veh_0__t_18000,veh_0,planning_medium,18000000000,18000,2000000,32000,3000000000,1.0
perception_light__veh_3__t_19000,veh_3,perception_light,19000000000,19000,8000000,64000,1500000000,0.5
perception_light__veh_2__t_20000,veh_2,perception_light,20000000000,20000,8000000,64000,1500000000,0.5
planning_medium__veh_3__t_20000,veh_3,planning_medium,20000000000,20000,2000000,32000,3000000000,1.0
perception_light__veh_1__t_21000,veh_1,perception_light,21000000000,21000,8000000,64000,1500000000,0.5
cooperative_awareness__veh_3__t_21000,veh_3,cooperative_awareness,21000000000,21000,512000,16000,800000000,0.75
perception_light__veh_0__t_22000,veh_0,perception_light,22000000000,22000,8000000,64000,1500000000,0.5
planning_medium__veh_1__t_22000,veh_1,planning_medium,22000000000,22000,2000000,32000,3000000000,1.0
perception_light__veh_4__t_23000,veh_4,perception_light,23000000000,23000,8000000,64000,1500000000,0.5
cooperative_awareness__veh_0__t_24000,veh_0,cooperative_awareness,24000000000,24000,512000,16000,800000000,0.75
perception_light__veh_3__t_24000,veh_3,perception_light,24000000000,24000,8000000,64000,1500000000,0.5
planning_medium__veh_4__t_24000,veh_4,planning_medium,24000000000,24000,2000000,32000,3000000000,1.0
perception_light__veh_2__t_25000,veh_2,perception_light,25000000000,25000,8000000,64000,1500000000,0.5
cooperative_awareness__veh_4__t_25000,veh_4,cooperative_awareness,25000000000,25000,512000,16000,800000000,0.75
perception_light__veh_1__t_26000,veh_1,perception_light,26000000000,26000,8000000,64000,1500000000,0.5
planning_medium__veh_2__t_26000,veh_2,planning_medium,26000000000,26000,2000000,32000,3000000000,1.0
perception_light__veh_0__t_27000,veh_0,perception_light,27000000000,27000,8000000,64000,1500000000,0.5
perception_light__veh_5__t_27000,veh_5,perception_light,27000000000,27000,8000000,64000,1500000000,0.5
planning_medium__veh_0__t_28000,veh_0,planning_medium,28000000000,28000,2000000,32000,3000000000,1.0
cooperative_awareness__veh_1__t_28000,veh_1,cooperative_awareness,28000000000,28000,512000,16000,800000000,0.75
perception_light__veh_4__t_28000,veh_4,perception_light,28000000000,28000,8000000,64000,1500000000,0.5
planning_medium__veh_5__t_28000,veh_5,planning_medium,28000000000,28000,2000000,32000,3000000000,1.0
perception_light__veh_3__t_29000,veh_3,perception_light,29000000000,29000,8000000,64000,1500000000,0.5
cooperative_awareness__veh_5__t_29000,veh_5,cooperative_awareness,29000000000,29000,512000,16000,800000000,0.75
perception_light__veh_2__t_30000,veh_2,perception_light,30000000000,30000,8000000,64000,1500000000,0.5
planning_medium__veh_3__t_30000,veh_3,planning_medium,30000000000,30000,2000000,32000,3000000000,1.0
perception_light__veh_1__t_31000,veh_1,perception_light,31000000000,31000,8000000,64000,1500000000,0.5
perception_light__veh_6__t_31000,veh_6,perception_light,31000000000,31000,8000000,64000,1500000000,0.5
perception_light__veh_0__t_32000,veh_0,perception_light,32000000000,32000,8000000,64000,1500000000,0.5
planning_medium__veh_1__t_32000,veh_1,planning_medium,32000000000,32000,2000000,32000,3000000000,1.0
cooperative_awareness__veh_2__t_32000,veh_2,cooperative_awareness,32000000000,32000,512000,16000,800000000,0.75
perception_light__veh_5__t_32000,veh_5,perception_light,32000000000,32000,8000000,64000,1500000000,0.5
planning_medium__veh_6__t_32000,veh_6,planning_medium,32000000000,32000,2000000,32000,3000000000,1.0
perception_light__veh_4__t_33000,veh_4,perception_light,33000000000,33000,8000000,64000,1500000000,0.5
cooperative_awareness__veh_6__t_33000,veh_6,cooperative_awareness,33000000000,33000,512000,16000,800000000,0.75
perception_light__veh_3__t_34000,veh_3,perception_light,34000000000,34000,8000000,64000,1500000000,0.5
planning_medium__veh_4__t_34000,veh_4,planning_medium,34000000000,34000,2000000,32000,3000000000,1.0
perception_light__veh_2__t_35000,veh_2,perception_light,35000000000,35000,8000000,64000,1500000000,0.5
perception_light__veh_7__t_35000,veh_7,perception_light,35000000000,35000,8000000,64000,1500000000,0.5
perception_light__veh_1__t_36000,veh_1,perception_light,36000000000,36000,8000000,64000,1500000000,0.5
planning_medium__veh_2__t_36000,veh_2,planning_medium,36000000000,36000,2000000,32000,3000000000,1.0
cooperative_awareness__veh_3__t_36000,veh_3,cooperative_awareness,36000000000,36000,512000,16000,800000000,0.75
perception_light__veh_6__t_36000,veh_6,perception_light,36000000000,36000,8000000,64000,1500000000,0.5
planning_medium__veh_7__t_36000,veh_7,planning_medium,36000000000,36000,2000000,32000,3000000000,1.0
perception_light__veh_0__t_37000,veh_0,perception_light,37000000000,37000,8000000,64000,1500000000,0.5
perception_light__veh_5__t_37000,veh_5,perception_light,37000000000,37000,8000000,64000,1500000000,0.5
cooperative_awareness__veh_7__t_37000,veh_7,cooperative_awareness,37000000000,37000,512000,16000,800000000,0.75
planning_medium__veh_0__t_38000,veh_0,planning_medium,38000000000,38000,2000000,32000,3000000000,1.0
perception_light__veh_4__t_38000,veh_4,perception_light,38000000000,38000,8000000,64000,1500000000,0.5
planning_medium__veh_5__t_38000,veh_5,planning_medium,38000000000,38000,2000000,32000,3000000000,1.0
cooperative_awareness__veh_0__t_39000,veh_0,cooperative_awareness,39000000000,39000,512000,16000,800000000,0.75
perception_light__veh_3__t_39000,veh_3,perception_light,39000000000,39000,8000000,64000,1500000000,0.5
perception_light__veh_8__t_39000,veh_8,perception_light,39000000000,39000,8000000,64000,1500000000,0.5
perception_light__veh_2__t_40000,veh_2,perception_light,40000000000,40000,8000000,64000,1500000000,0.5
planning_medium__veh_3__t_40000,veh_3,planning_medium,40000000000,40000,2000000,32000,3000000000,1.0
cooperative_awareness__veh_4__t_40000,veh_4,cooperative_awareness,40000000000,40000,512000,16000,800000000,0.75
perception_light__veh_7__t_40000,veh_7,perception_light,40000000000,40000,8000000,64000,1500000000,0.5
planning_medium__veh_8__t_40000,veh_8,planning_medium,40000000000,40000,2000000,32000,3000000000,1.0
perception_light__veh_1__t_41000,veh_1,perception_light,41000000000,41000,8000000,64000,1500000000,0.5
perception_light__veh_6__t_41000,veh_6,perception_light,41000000000,41000,8000000,64000,1500000000,0.5
cooperative_awareness__veh_8__t_41000,veh_8,cooperative_awareness,41000000000,41000,512000,16000,800000000,0.75
perception_light__veh_0__t_42000,veh_0,perception_light,42000000000,42000,8000000,64000,1500000000,0.5
planning_medium__veh_1__t_42000,veh_1,planning_medium,42000000000,42000,2000000,32000,3000000000,1.0
perception_light__veh_5__t_42000,veh_5,perception_light,42000000000,42000,8000000,64000,1500000000,0.5
planning_medium__veh_6__t_42000,veh_6,planning_medium,42000000000,42000,2000000,32000,3000000000,1.0
cooperative_awareness__veh_1__t_43000,veh_1,cooperative_awareness,43000000000,43000,512000,16000,800000000,0.75
perception_light__veh_4__t_43000,veh_4,perception_light,43000000000,43000,8000000,64000,1500000000,0.5
perception_light__veh_9__t_43000,veh_9,perception_light,43000000000,43000,8000000,64000,1500000000,0.5
perception_light__veh_3__t_44000,veh_3,perception_light,44000000000,44000,8000000,64000,1500000000,0.5
planning_medium__veh_4__t_44000,veh_4,planning_medium,44000000000,44000,2000000,32000,3000000000,1.0
cooperative_awareness__veh_5__t_44000,veh_5,cooperative_awareness,44000000000,44000,512000,16000,800000000,0.75
perception_light__veh_8__t_44000,veh_8,perception_light,44000000000,44000,8000000,64000,1500000000,0.5
planning_medium__veh_9__t_44000,veh_9,planning_medium,44000000000,44000,2000000,32000,3000000000,1.0
perception_light__veh_2__t_45000,veh_2,perception_light,45000000000,45000,8000000,64000,1500000000,0.5
perception_light__veh_7__t_45000,veh_7,perception_light,45000000000,45000,8000000,64000,1500000000,0.5
cooperative_awareness__veh_9__t_45000,veh_9,cooperative_awareness,45000000000,45000,512000,16000,800000000,0.75
perception_light__veh_1__t_46000,veh_1,perception_light,46000000000,46000,8000000,64000,1500000000,0.5
planning_medium__veh_2__t_46000,veh_2,planning_medium,46000000000,46000,2000000,32000,3000000000,1.0
perception_light__veh_6__t_46000,veh_6,perception_light,46000000000,46000,8000000,64000,1500000000,0.5
planning_medium__veh_7__t_46000,veh_7,planning_medium,46000000000,46000,2000000,32000,3000000000,1.0
perception_light__veh_0__t_47000,veh_0,perception_light,47000000000,47000,8000000,64000,1500000000,0.5
perception_light__veh_10__t_47000,veh_10,perception_light,47000000000,47000,8000000,64000,1500000000,0.5
cooperative_awareness__veh_2__t_47000,veh_2,cooperative_awareness,47000000000,47000,512000,16000,800000000,0.75
perception_light__veh_5__t_47000,veh_5,perception_light,47000000000,47000,8000000,64000,1500000000,0.5
planning_medium__veh_0__t_48000,veh_0,planning_medium,48000000000,48000,2000000,32000,3000000000,1.0
planning_medium__veh_10__t_48000,veh_10,planning_medium,48000000000,48000,2000000,32000,3000000000,1.0
perception_light__veh_4__t_48000,veh_4,perception_light,48000000000,48000,8000000,64000,1500000000,0.5
planning_medium__veh_5__t_48000,veh_5,planning_medium,48000000000,48000,2000000,32000,3000000000,1.0
cooperative_awareness__veh_6__t_48000,veh_6,cooperative_awareness,48000000000,48000,512000,16000,800000000,0.75
perception_light__veh_9__t_48000,veh_9,perception_light,48000000000,48000,8000000,64000,1500000000,0.5
cooperative_awareness__veh_10__t_49000,veh_10,cooperative_awareness,49000000000,49000,512000,16000,800000000,0.75
perception_light__veh_3__t_49000,veh_3,perception_light,49000000000,49000,8000000,64000,1500000000,0.5
perception_light__veh_8__t_49000,veh_8,perception_light,49000000000,49000,8000000,64000,1500000000,0.5
perception_light__veh_2__t_50000,veh_2,perception_light,50000000000,50000,8000000,64000,1500000000,0.5
planning_medium__veh_3__t_50000,veh_3,planning_medium,50000000000,50000,2000000,32000,3000000000,1.0
perception_light__veh_7__t_50000,veh_7,perception_light,50000000000,50000,8000000,64000,1500000000,0.5
planning_medium__veh_8__t_50000,veh_8,planning_medium,50000000000,50000,2000000,32000,3000000000,1.0
perception_light__veh_1__t_51000,veh_1,perception_light,51000000000,51000,8000000,64000,1500000000,0.5
perception_light__veh_11__t_51000,veh_11,perception_light,51000000000,51000,8000000,64000,1500000000,0.5
cooperative_awareness__veh_3__t_51000,veh_3,cooperative_awareness,51000000000,51000,512000,16000,800000000,0.75
perception_light__veh_6__t_51000,veh_6,perception_light,51000000000,51000,8000000,64000,1500000000,0.5
perception_light__veh_0__t_52000,veh_0,perception_light,52000000000,52000,8000000,64000,1500000000,0.5
planning_medium__veh_1__t_52000,veh_1,planning_medium,52000000000,52000,2000000,32000,3000000000,1.0
perception_light__veh_10__t_52000,veh_10,perception_light,52000000000,52000,8000000,64000,1500000000,0.5
planning_medium__veh_11__t_52000,veh_11,planning_medium,52000000000,52000,2000000,32000,3000000000,1.0
perception_light__veh_5__t_52000,veh_5,perception_light,52000000000,52000,8000000,64000,1500000000,0.5
planning_medium__veh_6__t_52000,veh_6,planning_medium,52000000000,52000,2000000,32000,3000000000,1.0
cooperative_awareness__veh_7__t_52000,veh_7,cooperative_awareness,52000000000,52000,512000,16000,800000000,0.75
cooperative_awareness__veh_11__t_53000,veh_11,cooperative_awareness,53000000000,53000,512000,16000,800000000,0.75
perception_light__veh_4__t_53000,veh_4,perception_light,53000000000,53000,8000000,64000,1500000000,0.5
perception_light__veh_9__t_53000,veh_9,perception_light,53000000000,53000,8000000,64000,1500000000,0.5
cooperative_awareness__veh_0__t_54000,veh_0,cooperative_awareness,54000000000,54000,512000,16000,800000000,0.75
perception_light__veh_3__t_54000,veh_3,perception_light,54000000000,54000,8000000,64000,1500000000,0.5
planning_medium__veh_4__t_54000,veh_4,planning_medium,54000000000,54000,2000000,32000,3000000000,1.0
perception_light__veh_8__t_54000,veh_8,perception_light,54000000000,54000,8000000,64000,1500000000,0.5
planning_medium__veh_9__t_54000,veh_9,planning_medium,54000000000,54000,2000000,32000,3000000000,1.0
perception_light__veh_2__t_55000,veh_2,perception_light,55000000000,55000,8000000,64000,1500000000,0.5
cooperative_awareness__veh_4__t_55000,veh_4,cooperative_awareness,55000000000,55000,512000,16000,800000000,0.75
perception_light__veh_7__t_55000,veh_7,perception_light,55000000000,55000,8000000,64000,1500000000,0.5
perception_light__veh_1__t_56000,veh_1,perception_light,56000000000,56000,8000000,64000,1500000000,0.5
perception_light__veh_11__t_56000,veh_11,perception_light,56000000000,56000,8000000,64000,1500000000,0.5
planning_medium__veh_2__t_56000,veh_2,planning_medium,56000000000,56000,2000000,32000,3000000000,1.0
perception_light__veh_6__t_56000,veh_6,perception_light,56000000000,56000,8000000,64000,1500000000,0.5
planning_medium__veh_7__t_56000,veh_7,planning_medium,56000000000,56000,2000000,32000,3000000000,1.0
cooperative_awareness__veh_8__t_56000,veh_8,cooperative_awareness,56000000000,56000,512000,16000,800000000,0.75
perception_light__veh_0__t_57000,veh_0,perception_light,57000000000,57000,8000000,64000,1500000000,0.5
perception_light__veh_10__t_57000,veh_10,perception_light,57000000000,57000,8000000,64000,1500000000,0.5
perception_light__veh_5__t_57000,veh_5,perception_light,57000000000,57000,8000000,64000,1500000000,0.5
planning_medium__veh_0__t_58000,veh_0,planning_medium,58000000000,58000,2000000,32000,3000000000,1.0
cooperative_awareness__veh_1__t_58000,veh_1,cooperative_awareness,58000000000,58000,512000,16000,800000000,0.75
planning_medium__veh_10__t_58000,veh_10,planning_medium,58000000000,58000,2000000,32000,3000000000,1.0
perception_light__veh_4__t_58000,veh_4,perception_light,58000000000,58000,8000000,64000,1500000000,0.5
planning_medium__veh_5__t_58000,veh_5,planning_medium,58000000000,58000,2000000,32000,3000000000,1.0
perception_light__veh_9__t_58000,veh_9,perception_light,58000000000,58000,8000000,64000,1500000000,0.5
perception_light__veh_3__t_59000,veh_3,perception_light,59000000000,59000,8000000,64000,1500000000,0.5
cooperative_awareness__veh_5__t_59000,veh_5,cooperative_awareness,59000000000,59000,512000,16000,800000000,0.75
perception_light__veh_8__t_59000,veh_8,perception_light,59000000000,59000,8000000,64000,1500000000,0.5
perception_light__veh_2__t_60000,veh_2,perception_light,60000000000,60000,8000000,64000,1500000000,0.5
planning_medium__veh_3__t_60000,veh_3,planning_medium,60000000000,60000,2000000,32000,3000000000,1.0
perception_light__veh_7__t_60000,veh_7,perception_light,60000000000,60000,8000000,64000,1500000000,0.5
planning_medium__veh_8__t_60000,veh_8,planning_medium,60000000000,60000,2000000,32000,3000000000,1.0
cooperative_awareness__veh_9__t_60000,veh_9,cooperative_awareness,60000000000,60000,512000,16000,800000000,0.75
perception_light__veh_1__t_61000,veh_1,perception_light,61000000000,61000,8000000,64000,1500000000,0.5
perception_light__veh_11__t_61000,veh_11,perception_light,61000000000,61000,8000000,64000,1500000000,0.5
perception_light__veh_6__t_61000,veh_6,perception_light,61000000000,61000,8000000,64000,1500000000,0.5
perception_light__veh_0__t_62000,veh_0,perception_light,62000000000,62000,8000000,64000,1500000000,0.5
planning_medium__veh_1__t_62000,veh_1,planning_medium,62000000000,62000,2000000,32000,3000000000,1.0
perception_light__veh_10__t_62000,veh_10,perception_light,62000000000,62000,8000000,64000,1500000000,0.5
planning_medium__veh_11__t_62000,veh_11,planning_medium,62000000000,62000,2000000,32000,3000000000,1.0
cooperative_awareness__veh_2__t_62000,veh_2,cooperative_awareness,62000000000,62000,512000,16000,800000000,0.75
perception_light__veh_5__t_62000,veh_5,perception_light,62000000000,62000,8000000,64000,1500000000,0.5
planning_medium__veh_6__t_62000,veh_6,planning_medium,62000000000,62000,2000000,32000,3000000000,1.0
perception_light__veh_4__t_63000,veh_4,perception_light,63000000000,63000,8000000,64000,1500000000,0.5
cooperative_awareness__veh_6__t_63000,veh_6,cooperative_awareness,63000000000,63000,512000,16000,800000000,0.75
perception_light__veh_9__t_63000,veh_9,perception_light,63000000000,63000,8000000,64000,1500000000,0.5
cooperative_awareness__veh_10__t_64000,veh_10,cooperative_awareness,64000000000,64000,512000,16000,800000000,0.75
perception_light__veh_3__t_64000,veh_3,perception_light,64000000000,64000,8000000,64000,1500000000,0.5
planning_medium__veh_4__t_64000,veh_4,planning_medium,64000000000,64000,2000000,32000,3000000000,1.0
perception_light__veh_8__t_64000,veh_8,perception_light,64000000000,64000,8000000,64000,1500000000,0.5
planning_medium__veh_9__t_64000,veh_9,planning_medium,64000000000,64000,2000000,32000,3000000000,1.0
perception_light__veh_2__t_65000,veh_2,perception_light,65000000000,65000,8000000,64000,1500000000,0.5
perception_light__veh_7__t_65000,veh_7,perception_light,65000000000,65000,8000000,64000,1500000000,0.5
perception_light__veh_1__t_66000,veh_1,perception_light,66000000000,66000,8000000,64000,1500000000,0.5
perception_light__veh_11__t_66000,veh_11,perception_light,66000000000,66000,8000000,64000,1500000000,0.5
planning_medium__veh_2__t_66000,veh_2,planning_medium,66000000000,66000,2000000,32000,3000000000,1.0
cooperative_awareness__veh_3__t_66000,veh_3,cooperative_awareness,66000000000,66000,512000,16000,800000000,0.75
perception_light__veh_6__t_66000,veh_6,perception_light,66000000000,66000,8000000,64000,1500000000,0.5
planning_medium__veh_7__t_66000,veh_7,planning_medium,66000000000,66000,2000000,32000,3000000000,1.0
perception_light__veh_0__t_67000,veh_0,perception_light,67000000000,67000,8000000,64000,1500000000,0.5
perception_light__veh_10__t_67000,veh_10,perception_light,67000000000,67000,8000000,64000,1500000000,0.5
perception_light__veh_5__t_67000,veh_5,perception_light,67000000000,67000,8000000,64000,1500000000,0.5
cooperative_awareness__veh_7__t_67000,veh_7,cooperative_awareness,67000000000,67000,512000,16000,800000000,0.75
planning_medium__veh_0__t_68000,veh_0,planning_medium,68000000000,68000,2000000,32000,3000000000,1.0
planning_medium__veh_10__t_68000,veh_10,planning_medium,68000000000,68000,2000000,32000,3000000000,1.0
cooperative_awareness__veh_11__t_68000,veh_11,cooperative_awareness,68000000000,68000,512000,16000,800000000,0.75
perception_light__veh_4__t_68000,veh_4,perception_light,68000000000,68000,8000000,64000,1500000000,0.5
planning_medium__veh_5__t_68000,veh_5,planning_medium,68000000000,68000,2000000,32000,3000000000,1.0
perception_light__veh_9__t_68000,veh_9,perception_light,68000000000,68000,8000000,64000,1500000000,0.5
cooperative_awareness__veh_0__t_69000,veh_0,cooperative_awareness,69000000000,69000,512000,16000,800000000,0.75
perception_light__veh_3__t_69000,veh_3,perception_light,69000000000,69000,8000000,64000,1500000000,0.5
perception_light__veh_8__t_69000,veh_8,perception_light,69000000000,69000,8000000,64000,1500000000,0.5
perception_light__veh_2__t_70000,veh_2,perception_light,70000000000,70000,8000000,64000,1500000000,0.5
planning_medium__veh_3__t_70000,veh_3,planning_medium,70000000000,70000,2000000,32000,3000000000,1.0
cooperative_awareness__veh_4__t_70000,veh_4,cooperative_awareness,70000000000,70000,512000,16000,800000000,0.75
perception_light__veh_7__t_70000,veh_7,perception_light,70000000000,70000,8000000,64000,1500000000,0.5
planning_medium__veh_8__t_70000,veh_8,planning_medium,70000000000,70000,2000000,32000,3000000000,1.0
perception_light__veh_1__t_71000,veh_1,perception_light,71000000000,71000,8000000,64000,1500000000,0.5
perception_light__veh_11__t_71000,veh_11,perception_light,71000000000,71000,8000000,64000,1500000000,0.5
perception_light__veh_6__t_71000,veh_6,perception_light,71000000000,71000,8000000,64000,1500000000,0.5
cooperative_awareness__veh_8__t_71000,veh_8,cooperative_awareness,71000000000,71000,512000,16000,800000000,0.75
perception_light__veh_0__t_72000,veh_0,perception_light,72000000000,72000,8000000,64000,1500000000,0.5
planning_medium__veh_1__t_72000,veh_1,planning_medium,72000000000,72000,2000000,32000,3000000000,1.0
perception_light__veh_10__t_72000,veh_10,perception_light,72000000000,72000,8000000,64000,1500000000,0.5
planning_medium__veh_11__t_72000,veh_11,planning_medium,72000000000,72000,2000000,32000,3000000000,1.0
perception_light__veh_5__t_72000,veh_5,perception_light,72000000000,72000,8000000,64000,1500000000,0.5
planning_medium__veh_6__t_72000,veh_6,planning_medium,72000000000,72000,2000000,32000,3000000000,1.0
cooperative_awareness__veh_1__t_73000,veh_1,cooperative_awareness,73000000000,73000,512000,16000,800000000,0.75
perception_light__veh_4__t_73000,veh_4,perception_light,73000000000,73000,8000000,64000,1500000000,0.5
perception_light__veh_9__t_73000,veh_9,perception_light,73000000000,73000,8000000,64000,1500000000,0.5
perception_light__veh_3__t_74000,veh_3,perception_light,74000000000,74000,8000000,64000,1500000000,0.5
planning_medium__veh_4__t_74000,veh_4,planning_medium,74000000000,74000,2000000,32000,3000000000,1.0
cooperative_awareness__veh_5__t_74000,veh_5,cooperative_awareness,74000000000,74000,512000,16000,800000000,0.75
perception_light__veh_8__t_74000,veh_8,perception_light,74000000000,74000,8000000,64000,1500000000,0.5
planning_medium__veh_9__t_74000,veh_9,planning_medium,74000000000,74000,2000000,32000,3000000000,1.0
perception_light__veh_2__t_75000,veh_2,perception_light,75000000000,75000,8000000,64000,1500000000,0.5
perception_light__veh_7__t_75000,veh_7,perception_light,75000000000,75000,8000000,64000,1500000000,0.5
cooperative_awareness__veh_9__t_75000,veh_9,cooperative_awareness,75000000000,75000,512000,16000,800000000,0.75
perception_light__veh_1__t_76000,veh_1,perception_light,76000000000,76000,8000000,64000,1500000000,0.5
perception_light__veh_11__t_76000,veh_11,perception_light,76000000000,76000,8000000,64000,1500000000,0.5
planning_medium__veh_2__t_76000,veh_2,planning_medium,76000000000,76000,2000000,32000,3000000000,1.0
perception_light__veh_6__t_76000,veh_6,perception_light,76000000000,76000,8000000,64000,1500000000,0.5
planning_medium__veh_7__t_76000,veh_7,planning_medium,76000000000,76000,2000000,32000,3000000000,1.0
perception_light__veh_0__t_77000,veh_0,perception_light,77000000000,77000,8000000,64000,1500000000,0.5
perception_light__veh_10__t_77000,veh_10,perception_light,77000000000,77000,8000000,64000,1500000000,0.5
cooperative_awareness__veh_2__t_77000,veh_2,cooperative_awareness,77000000000,77000,512000,16000,800000000,0.75
perception_light__veh_5__t_77000,veh_5,perception_light,77000000000,77000,8000000,64000,1500000000,0.5
planning_medium__veh_0__t_78000,veh_0,planning_medium,78000000000,78000,2000000,32000,3000000000,1.0
planning_medium__veh_10__t_78000,veh_10,planning_medium,78000000000,78000,2000000,32000,3000000000,1.0
perception_light__veh_4__t_78000,veh_4,perception_light,78000000000,78000,8000000,64000,1500000000,0.5
planning_medium__veh_5__t_78000,veh_5,planning_medium,78000000000,78000,2000000,32000,3000000000,1.0
cooperative_awareness__veh_6__t_78000,veh_6,cooperative_awareness,78000000000,78000,512000,16000,800000000,0.75
perception_light__veh_9__t_78000,veh_9,perception_light,78000000000,78000,8000000,64000,1500000000,0.5
cooperative_awareness__veh_10__t_79000,veh_10,cooperative_awareness,79000000000,79000,512000,16000,800000000,0.75
perception_light__veh_3__t_79000,veh_3,perception_light,79000000000,79000,8000000,64000,1500000000,0.5
perception_light__veh_8__t_79000,veh_8,perception_light,79000000000,79000,8000000,64000,1500000000,0.5
perception_light__veh_2__t_80000,veh_2,perception_light,80000000000,80000,8000000,64000,1500000000,0.5
planning_medium__veh_3__t_80000,veh_3,planning_medium,80000000000,80000,2000000,32000,3000000000,1.0
perception_light__veh_7__t_80000,veh_7,perception_light,80000000000,80000,8000000,64000,1500000000,0.5
planning_medium__veh_8__t_80000,veh_8,planning_medium,80000000000,80000,2000000,32000,3000000000,1.0
perception_light__veh_1__t_81000,veh_1,perception_light,81000000000,81000,8000000,64000,1500000000,0.5
perception_light__veh_11__t_81000,veh_11,perception_light,81000000000,81000,8000000,64000,1500000000,0.5
cooperative_awareness__veh_3__t_81000,veh_3,cooperative_awareness,81000000000,81000,512000,16000,800000000,0.75
perception_light__veh_6__t_81000,veh_6,perception_light,81000000000,81000,8000000,64000,1500000000,0.5
perception_light__veh_0__t_82000,veh_0,perception_light,82000000000,82000,8000000,64000,1500000000,0.5
planning_medium__veh_1__t_82000,veh_1,planning_medium,82000000000,82000,2000000,32000,3000000000,1.0
perception_light__veh_10__t_82000,veh_10,perception_light,82000000000,82000,8000000,64000,1500000000,0.5
planning_medium__veh_11__t_82000,veh_11,planning_medium,82000000000,82000,2000000,32000,3000000000,1.0
perception_light__veh_5__t_82000,veh_5,perception_light,82000000000,82000,8000000,64000,1500000000,0.5
planning_medium__veh_6__t_82000,veh_6,planning_medium,82000000000,82000,2000000,32000,3000000000,1.0
cooperative_awareness__veh_7__t_82000,veh_7,cooperative_awareness,82000000000,82000,512000,16000,800000000,0.75
cooperative_awareness__veh_11__t_83000,veh_11,cooperative_awareness,83000000000,83000,512000,16000,800000000,0.75
perception_light__veh_4__t_83000,veh_4,perception_light,83000000000,83000,8000000,64000,1500000000,0.5
perception_light__veh_9__t_83000,veh_9,perception_light,83000000000,83000,8000000,64000,1500000000,0.5
cooperative_awareness__veh_0__t_84000,veh_0,cooperative_awareness,84000000000,84000,512000,16000,800000000,0.75
perception_light__veh_3__t_84000,veh_3,perception_light,84000000000,84000,8000000,64000,1500000000,0.5
planning_medium__veh_4__t_84000,veh_4,planning_medium,84000000000,84000,2000000,32000,3000000000,1.0
perception_light__veh_8__t_84000,veh_8,perception_light,84000000000,84000,8000000,64000,1500000000,0.5
planning_medium__veh_9__t_84000,veh_9,planning_medium,84000000000,84000,2000000,32000,3000000000,1.0
perception_light__veh_2__t_85000,veh_2,perception_light,85000000000,85000,8000000,64000,1500000000,0.5
cooperative_awareness__veh_4__t_85000,veh_4,cooperative_awareness,85000000000,85000,512000,16000,800000000,0.75
perception_light__veh_7__t_85000,veh_7,perception_light,85000000000,85000,8000000,64000,1500000000,0.5
perception_light__veh_1__t_86000,veh_1,perception_light,86000000000,86000,8000000,64000,1500000000,0.5
perception_light__veh_11__t_86000,veh_11,perception_light,86000000000,86000,8000000,64000,1500000000,0.5
planning_medium__veh_2__t_86000,veh_2,planning_medium,86000000000,86000,2000000,32000,3000000000,1.0
perception_light__veh_6__t_86000,veh_6,perception_light,86000000000,86000,8000000,64000,1500000000,0.5
planning_medium__veh_7__t_86000,veh_7,planning_medium,86000000000,86000,2000000,32000,3000000000,1.0
cooperative_awareness__veh_8__t_86000,veh_8,cooperative_awareness,86000000000,86000,512000,16000,800000000,0.75
perception_light__veh_0__t_87000,veh_0,perception_light,87000000000,87000,8000000,64000,1500000000,0.5
perception_light__veh_10__t_87000,veh_10,perception_light,87000000000,87000,8000000,64000,1500000000,0.5
perception_light__veh_5__t_87000,veh_5,perception_light,87000000000,87000,8000000,64000,1500000000,0.5
planning_medium__veh_0__t_88000,veh_0,planning_medium,88000000000,88000,2000000,32000,3000000000,1.0
cooperative_awareness__veh_1__t_88000,veh_1,cooperative_awareness,88000000000,88000,512000,16000,800000000,0.75
planning_medium__veh_10__t_88000,veh_10,planning_medium,88000000000,88000,2000000,32000,3000000000,1.0
perception_light__veh_4__t_88000,veh_4,perception_light,88000000000,88000,8000000,64000,1500000000,0.5
planning_medium__veh_5__t_88000,veh_5,planning_medium,88000000000,88000,2000000,32000,3000000000,1.0
perception_light__veh_9__t_88000,veh_9,perception_light,88000000000,88000,8000000,64000,1500000000,0.5
perception_light__veh_3__t_89000,veh_3,perception_light,89000000000,89000,8000000,64000,1500000000,0.5
cooperative_awareness__veh_5__t_89000,veh_5,cooperative_awareness,89000000000,89000,512000,16000,800000000,0.75
perception_light__veh_8__t_89000,veh_8,perception_light,89000000000,89000,8000000,64000,1500000000,0.5
perception_light__veh_2__t_90000,veh_2,perception_light,90000000000,90000,8000000,64000,1500000000,0.5
planning_medium__veh_3__t_90000,veh_3,planning_medium,90000000000,90000,2000000,32000,3000000000,1.0
perception_light__veh_7__t_90000,veh_7,perception_light,90000000000,90000,8000000,64000,1500000000,0.5
planning_medium__veh_8__t_90000,veh_8,planning_medium,90000000000,90000,2000000,32000,3000000000,1.0
cooperative_awareness__veh_9__t_90000,veh_9,cooperative_awareness,90000000000,90000,512000,16000,800000000,0.75
perception_light__veh_1__t_91000,veh_1,perception_light,91000000000,91000,8000000,64000,1500000000,0.5
perception_light__veh_11__t_91000,veh_11,perception_light,91000000000,91000,8000000,64000,1500000000,0.5
perception_light__veh_6__t_91000,veh_6,perception_light,91000000000,91000,8000000,64000,1500000000,0.5
perception_light__veh_0__t_92000,veh_0,perception_light,92000000000,92000,8000000,64000,1500000000,0.5
planning_medium__veh_1__t_92000,veh_1,planning_medium,92000000000,92000,2000000,32000,3000000000,1.0
perception_light__veh_10__t_92000,veh_10,perception_light,92000000000,92000,8000000,64000,1500000000,0.5
planning_medium__veh_11__t_92000,veh_11,planning_medium,92000000000,92000,2000000,32000,3000000000,1.0
cooperative_awareness__veh_2__t_92000,veh_2,cooperative_awareness,92000000000,92000,512000,16000,800000000,0.75
perception_light__veh_5__t_92000,veh_5,perception_light,92000000000,92000,8000000,64000,1500000000,0.5
planning_medium__veh_6__t_92000,veh_6,planning_medium,92000000000,92000,2000000,32000,3000000000,1.0
perception_light__veh_4__t_93000,veh_4,perception_light,93000000000,93000,8000000,64000,1500000000,0.5
cooperative_awareness__veh_6__t_93000,veh_6,cooperative_awareness,93000000000,93000,512000,16000,800000000,0.75
perception_light__veh_9__t_93000,veh_9,perception_light,93000000000,93000,8000000,64000,1500000000,0.5
cooperative_awareness__veh_10__t_94000,veh_10,cooperative_awareness,94000000000,94000,512000,16000,800000000,0.75
perception_light__veh_3__t_94000,veh_3,perception_light,94000000000,94000,8000000,64000,1500000000,0.5
planning_medium__veh_4__t_94000,veh_4,planning_medium,94000000000,94000,2000000,32000,3000000000,1.0
perception_light__veh_8__t_94000,veh_8,perception_light,94000000000,94000,8000000,64000,1500000000,0.5
planning_medium__veh_9__t_94000,veh_9,planning_medium,94000000000,94000,2000000,32000,3000000000,1.0
perception_light__veh_2__t_95000,veh_2,perception_light,95000000000,95000,8000000,64000,1500000000,0.5
perception_light__veh_7__t_95000,veh_7,perception_light,95000000000,95000,8000000,64000,1500000000,0.5
perception_light__veh_1__t_96000,veh_1,perception_light,96000000000,96000,8000000,64000,1500000000,0.5
perception_light__veh_11__t_96000,veh_11,perception_light,96000000000,96000,8000000,64000,1500000000,0.5
planning_medium__veh_2__t_96000,veh_2,planning_medium,96000000000,96000,2000000,32000,3000000000,1.0
cooperative_awareness__veh_3__t_96000,veh_3,cooperative_awareness,96000000000,96000,512000,16000,800000000,0.75
perception_light__veh_6__t_96000,veh_6,perception_light,96000000000,96000,8000000,64000,1500000000,0.5
planning_medium__veh_7__t_96000,veh_7,planning_medium,96000000000,96000,2000000,32000,3000000000,1.0
perception_light__veh_0__t_97000,veh_0,perception_light,97000000000,97000,8000000,64000,1500000000,0.5
perception_light__veh_10__t_97000,veh_10,perception_light,97000000000,97000,8000000,64000,1500000000,0.5
perception_light__veh_5__t_97000,veh_5,perception_light,97000000000,97000,8000000,64000,1500000000,0.5
cooperative_awareness__veh_7__t_97000,veh_7,cooperative_awareness,97000000000,97000,512000,16000,800000000,0.75
planning_medium__veh_0__t_98000,veh_0,planning_medium,98000000000,98000,2000000,32000,3000000000,1.0
planning_medium__veh_10__t_98000,veh_10,planning_medium,98000000000,98000,2000000,32000,3000000000,1.0
cooperative_awareness__veh_11__t_98000,veh_11,cooperative_awareness,98000000000,98000,512000,16000,800000000,0.75
perception_light__veh_4__t_98000,veh_4,perception_light,98000000000,98000,8000000,64000,1500000000,0.5
planning_medium__veh_5__t_98000,veh_5,planning_medium,98000000000,98000,2000000,32000,3000000000,1.0
perception_light__veh_9__t_98000,veh_9,perception_light,98000000000,98000,8000000,64000,1500000000,0.5
cooperative_awareness__veh_0__t_99000,veh_0,cooperative_awareness,99000000000,99000,512000,16000,800000000,0.75
perception_light__veh_3__t_99000,veh_3,perception_light,99000000000,99000,8000000,64000,1500000000,0.5
perception_light__veh_8__t_99000,veh_8,perception_light,99000000000,99000,8000000,64000,1500000000,0.5
perception_light__veh_2__t_100000,veh_2,perception_light,100000000000,100000,8000000,64000,1500000000,0.5
planning_medium__veh_3__t_100000,veh_3,planning_medium,100000000000,100000,2000000,32000,3000000000,1.0
cooperative_awareness__veh_4__t_100000,veh_4,cooperative_awareness,100000000000,100000,512000,16000,800000000,0.75
perception_light__veh_7__t_100000,veh_7,perception_light,100000000000,100000,8000000,64000,1500000000,0.5
planning_medium__veh_8__t_100000,veh_8,planning_medium,100000000000,100000,2000000,32000,3000000000,1.0
perception_light__veh_1__t_101000,veh_1,perception_light,101000000000,101000,8000000,64000,1500000000,0.5
perception_light__veh_11__t_101000,veh_11,perception_light,101000000000,101000,8000000,64000,1500000000,0.5
perception_light__veh_6__t_101000,veh_6,perception_light,101000000000,101000,8000000,64000,1500000000,0.5
cooperative_awareness__veh_8__t_101000,veh_8,cooperative_awareness,101000000000,101000,512000,16000,800000000,0.75
perception_light__veh_0__t_102000,veh_0,perception_light,102000000000,102000,8000000,64000,1500000000,0.5
planning_medium__veh_1__t_102000,veh_1,planning_medium,102000000000,102000,2000000,32000,3000000000,1.0
perception_light__veh_10__t_102000,veh_10,perception_light,102000000000,102000,8000000,64000,1500000000,0.5
planning_medium__veh_11__t_102000,veh_11,planning_medium,102000000000,102000,2000000,32000,3000000000,1.0
perception_light__veh_5__t_102000,veh_5,perception_light,102000000000,102000,8000000,64000,1500000000,0.5
planning_medium__veh_6__t_102000,veh_6,planning_medium,102000000000,102000,2000000,32000,3000000000,1.0
cooperative_awareness__veh_1__t_103000,veh_1,cooperative_awareness,103000000000,103000,512000,16000,800000000,0.75
perception_light__veh_4__t_103000,veh_4,perception_light,103000000000,103000,8000000,64000,1500000000,0.5
perception_light__veh_9__t_103000,veh_9,perception_light,103000000000,103000,8000000,64000,1500000000,0.5
perception_light__veh_3__t_104000,veh_3,perception_light,104000000000,104000,8000000,64000,1500000000,0.5
planning_medium__veh_4__t_104000,veh_4,planning_medium,104000000000,104000,2000000,32000,3000000000,1.0
cooperative_awareness__veh_5__t_104000,veh_5,cooperative_awareness,104000000000,104000,512000,16000,800000000,0.75
perception_light__veh_8__t_104000,veh_8,perception_light,104000000000,104000,8000000,64000,1500000000,0.5
planning_medium__veh_9__t_104000,veh_9,planning_medium,104000000000,104000,2000000,32000,3000000000,1.0
perception_light__veh_2__t_105000,veh_2,perception_light,105000000000,105000,8000000,64000,1500000000,0.5
perception_light__veh_7__t_105000,veh_7,perception_light,105000000000,105000,8000000,64000,1500000000,0.5
cooperative_awareness__veh_9__t_105000,veh_9,cooperative_awareness,105000000000,105000,512000,16000,800000000,0.75
perception_light__veh_1__t_106000,veh_1,perception_light,106000000000,106000,8000000,64000,1500000000,0.5
perception_light__veh_11__t_106000,veh_11,perception_light,106000000000,106000,8000000,64000,1500000000,0.5
planning_medium__veh_2__t_106000,veh_2,planning_medium,106000000000,106000,2000000,32000,3000000000,1.0
perception_light__veh_6__t_106000,veh_6,perception_light,106000000000,106000,8000000,64000,1500000000,0.5
planning_medium__veh_7__t_106000,veh_7,planning_medium,106000000000,106000,2000000,32000,3000000000,1.0
perception_light__veh_0__t_107000,veh_0,perception_light,107000000000,107000,8000000,64000,1500000000,0.5
perception_light__veh_10__t_107000,veh_10,perception_light,107000000000,107000,8000000,64000,1500000000,0.5
cooperative_awareness__veh_2__t_107000,veh_2,cooperative_awareness,107000000000,107000,512000,16000,800000000,0.75
perception_light__veh_5__t_107000,veh_5,perception_light,107000000000,107000,8000000,64000,1500000000,0.5
planning_medium__veh_0__t_108000,veh_0,planning_medium,108000000000,108000,2000000,32000,3000000000,1.0
planning_medium__veh_10__t_108000,veh_10,planning_medium,108000000000,108000,2000000,32000,3000000000,1.0
perception_light__veh_4__t_108000,veh_4,perception_light,108000000000,108000,8000000,64000,1500000000,0.5
planning_medium__veh_5__t_108000,veh_5,planning_medium,108000000000,108000,2000000,32000,3000000000,1.0
cooperative_awareness__veh_6__t_108000,veh_6,cooperative_awareness,108000000000,108000,512000,16000,800000000,0.75
perception_light__veh_9__t_108000,veh_9,perception_light,108000000000,108000,8000000,64000,1500000000,0.5
cooperative_awareness__veh_10__t_109000,veh_10,cooperative_awareness,109000000000,109000,512000,16000,800000000,0.75
perception_light__veh_3__t_109000,veh_3,perception_light,109000000000,109000,8000000,64000,1500000000,0.5
perception_light__veh_8__t_109000,veh_8,perception_light,109000000000,109000,8000000,64000,1500000000,0.5
perception_light__veh_2__t_110000,veh_2,perception_light,110000000000,110000,8000000,64000,1500000000,0.5
planning_medium__veh_3__t_110000,veh_3,planning_medium,110000000000,110000,2000000,32000,3000000000,1.0
perception_light__veh_7__t_110000,veh_7,perception_light,110000000000,110000,8000000,64000,1500000000,0.5
planning_medium__veh_8__t_110000,veh_8,planning_medium,110000000000,110000,2000000,32000,3000000000,1.0
perception_light__veh_1__t_111000,veh_1,perception_light,111000000000,111000,8000000,64000,1500000000,0.5
perception_light__veh_11__t_111000,veh_11,perception_light,111000000000,111000,8000000,64000,1500000000,0.5
cooperative_awareness__veh_3__t_111000,veh_3,cooperative_awareness,111000000000,111000,512000,16000,800000000,0.75
perception_light__veh_6__t_111000,veh_6,perception_light,111000000000,111000,8000000,64000,1500000000,0.5
perception_light__veh_0__t_112000,veh_0,perception_light,112000000000,112000,8000000,64000,1500000000,0.5
planning_medium__veh_1__t_112000,veh_1,planning_medium,112000000000,112000,2000000,32000,3000000000,1.0
perception_light__veh_10__t_112000,veh_10,perception_light,112000000000,112000,8000000,64000,1500000000,0.5
planning_medium__veh_11__t_112000,veh_11,planning_medium,112000000000,112000,2000000,32000,3000000000,1.0
perception_light__veh_5__t_112000,veh_5,perception_light,112000000000,112000,8000000,64000,1500000000,0.5
planning_medium__veh_6__t_112000,veh_6,planning_medium,112000000000,112000,2000000,32000,3000000000,1.0
cooperative_awareness__veh_7__t_112000,veh_7,cooperative_awareness,112000000000,112000,512000,16000,800000000,0.75
cooperative_awareness__veh_11__t_113000,veh_11,cooperative_awareness,113000000000,113000,512000,16000,800000000,0.75
perception_light__veh_4__t_113000,veh_4,perception_light,113000000000,113000,8000000,64000,1500000000,0.5
perception_light__veh_9__t_113000,veh_9,perception_light,113000000000,113000,8000000,64000,1500000000,0.5
cooperative_awareness__veh_0__t_114000,veh_0,cooperative_awareness,114000000000,114000,512000,16000,800000000,0.75
perception_light__veh_3__t_114000,veh_3,perception_light,114000000000,114000,8000000,64000,1500000000,0.5
planning_medium__veh_4__t_114000,veh_4,planning_medium,114000000000,114000,2000000,32000,3000000000,1.0
perception_light__veh_8__t_114000,veh_8,perception_light,114000000000,114000,8000000,64000,1500000000,0.5
planning_medium__veh_9__t_114000,veh_9,planning_medium,114000000000,114000,2000000,32000,3000000000,1.0
perception_light__veh_2__t_115000,veh_2,perception_light,115000000000,115000,8000000,64000,1500000000,0.5
cooperative_awareness__veh_4__t_115000,veh_4,cooperative_awareness,115000000000,115000,512000,16000,800000000,0.75
perception_light__veh_7__t_115000,veh_7,perception_light,115000000000,115000,8000000,64000,1500000000,0.5
perception_light__veh_1__t_116000,veh_1,perception_light,116000000000,116000,8000000,64000,1500000000,0.5
perception_light__veh_11__t_116000,veh_11,perception_light,116000000000,116000,8000000,64000,1500000000,0.5
planning_medium__veh_2__t_116000,veh_2,planning_medium,116000000000,116000,2000000,32000,3000000000,1.0
perception_light__veh_6__t_116000,veh_6,perception_light,116000000000,116000,8000000,64000,1500000000,0.5
planning_medium__veh_7__t_116000,veh_7,planning_medium,116000000000,116000,2000000,32000,3000000000,1.0
cooperative_awareness__veh_8__t_116000,veh_8,cooperative_awareness,116000000000,116000,512000,16000,800000000,0.75
perception_light__veh_0__t_117000,veh_0,perception_light,117000000000,117000,8000000,64000,1500000000,0.5
perception_light__veh_10__t_117000,veh_10,perception_light,117000000000,117000,8000000,64000,1500000000,0.5
perception_light__veh_5__t_117000,veh_5,perception_light,117000000000,117000,8000000,64000,1500000000,0.5
planning_medium__veh_0__t_118000,veh_0,planning_medium,118000000000,118000,2000000,32000,3000000000,1.0
cooperative_awareness__veh_1__t_118000,veh_1,cooperative_awareness,118000000000,118000,512000,16000,800000000,0.75
planning_medium__veh_10__t_118000,veh_10,planning_medium,118000000000,118000,2000000,32000,3000000000,1.0
perception_light__veh_4__t_118000,veh_4,perception_light,118000000000,118000,8000000,64000,1500000000,0.5
planning_medium__veh_5__t_118000,veh_5,planning_medium,118000000000,118000,2000000,32000,3000000000,1.0
perception_light__veh_9__t_118000,veh_9,perception_light,118000000000,118000,8000000,64000,1500000000,0.5
perception_light__veh_3__t_119000,veh_3,perception_light,119000000000,119000,8000000,64000,1500000000,0.5
cooperative_awareness__veh_5__t_119000,veh_5,cooperative_awareness,119000000000,119000,512000,16000,800000000,0.75
perception_light__veh_8__t_119000,veh_8,perception_light,119000000000,119000,8000000,64000,1500000000,0.5
perception_light__veh_2__t_120000,veh_2,perception_light,120000000000,120000,8000000,64000,1500000000,0.5
planning_medium__veh_3__t_120000,veh_3,planning_medium,120000000000,120000,2000000,32000,3000000000,1.0
perception_light__veh_7__t_120000,veh_7,perception_light,120000000000,120000,8000000,64000,1500000000,0.5
planning_medium__veh_8__t_120000,veh_8,planning_medium,120000000000,120000,2000000,32000,3000000000,1.0
cooperative_awareness__veh_9__t_120000,veh_9,cooperative_awareness,120000000000,120000,512000,16000,800000000,0.75
perception_light__veh_1__t_121000,veh_1,perception_light,121000000000,121000,8000000,64000,1500000000,0.5
perception_light__veh_11__t_121000,veh_11,perception_light,121000000000,121000,8000000,64000,1500000000,0.5
perception_light__veh_6__t_121000,veh_6,perception_light,121000000000,121000,8000000,64000,1500000000,0.5
perception_light__veh_0__t_122000,veh_0,perception_light,122000000000,122000,8000000,64000,1500000000,0.5
planning_medium__veh_1__t_122000,veh_1,planning_medium,122000000000,122000,2000000,32000,3000000000,1.0
perception_light__veh_10__t_122000,veh_10,perception_light,122000000000,122000,8000000,64000,1500000000,0.5
planning_medium__veh_11__t_122000,veh_11,planning_medium,122000000000,122000,2000000,32000,3000000000,1.0
cooperative_awareness__veh_2__t_122000,veh_2,cooperative_awareness,122000000000,122000,512000,16000,800000000,0.75
perception_light__veh_5__t_122000,veh_5,perception_light,122000000000,122000,8000000,64000,1500000000,0.5
planning_medium__veh_6__t_122000,veh_6,planning_medium,122000000000,122000,2000000,32000,3000000000,1.0
perception_light__veh_4__t_123000,veh_4,perception_light,123000000000,123000,8000000,64000,1500000000,0.5
cooperative_awareness__veh_6__t_123000,veh_6,cooperative_awareness,123000000000,123000,512000,16000,800000000,0.75
perception_light__veh_9__t_123000,veh_9,perception_light,123000000000,123000,8000000,64000,1500000000,0.5
cooperative_awareness__veh_10__t_124000,veh_10,cooperative_awareness,124000000000,124000,512000,16000,800000000,0.75
perception_light__veh_3__t_124000,veh_3,perception_light,124000000000,124000,8000000,64000,1500000000,0.5
planning_medium__veh_4__t_124000,veh_4,planning_medium,124000000000,124000,2000000,32000,3000000000,1.0
perception_light__veh_8__t_124000,veh_8,perception_light,124000000000,124000,8000000,64000,1500000000,0.5
planning_medium__veh_9__t_124000,veh_9,planning_medium,124000000000,124000,2000000,32000,3000000000,1.0
perception_light__veh_2__t_125000,veh_2,perception_light,125000000000,125000,8000000,64000,1500000000,0.5
perception_light__veh_7__t_125000,veh_7,perception_light,125000000000,125000,8000000,64000,1500000000,0.5
perception_light__veh_1__t_126000,veh_1,perception_light,126000000000,126000,8000000,64000,1500000000,0.5
perception_light__veh_11__t_126000,veh_11,perception_light,126000000000,126000,8000000,64000,1500000000,0.5
planning_medium__veh_2__t_126000,veh_2,planning_medium,126000000000,126000,2000000,32000,3000000000,1.0
cooperative_awareness__veh_3__t_126000,veh_3,cooperative_awareness,126000000000,126000,512000,16000,800000000,0.75
perception_light__veh_6__t_126000,veh_6,perception_light,126000000000,126000,8000000,64000,1500000000,0.5
planning_medium__veh_7__t_126000,veh_7,planning_medium,126000000000,126000,2000000,32000,3000000000,1.0
perception_light__veh_0__t_127000,veh_0,perception_light,127000000000,127000,8000000,64000,1500000000,0.5
perception_light__veh_10__t_127000,veh_10,perception_light,127000000000,127000,8000000,64000,1500000000,0.5
perception_light__veh_5__t_127000,veh_5,perception_light,127000000000,127000,8000000,64000,1500000000,0.5
cooperative_awareness__veh_7__t_127000,veh_7,cooperative_awareness,127000000000,127000,512000,16000,800000000,0.75
planning_medium__veh_0__t_128000,veh_0,planning_medium,128000000000,128000,2000000,32000,3000000000,1.0
planning_medium__veh_10__t_128000,veh_10,planning_medium,128000000000,128000,2000000,32000,3000000000,1.0
cooperative_awareness__veh_11__t_128000,veh_11,cooperative_awareness,128000000000,128000,512000,16000,800000000,0.75
perception_light__veh_4__t_128000,veh_4,perception_light,128000000000,128000,8000000,64000,1500000000,0.5
planning_medium__veh_5__t_128000,veh_5,planning_medium,128000000000,128000,2000000,32000,3000000000,1.0
perception_light__veh_9__t_128000,veh_9,perception_light,128000000000,128000,8000000,64000,1500000000,0.5
cooperative_awareness__veh_0__t_129000,veh_0,cooperative_awareness,129000000000,129000,512000,16000,800000000,0.75
perception_light__veh_3__t_129000,veh_3,perception_light,129000000000,129000,8000000,64000,1500000000,0.5
perception_light__veh_8__t_129000,veh_8,perception_light,129000000000,129000,8000000,64000,1500000000,0.5
perception_light__veh_2__t_130000,veh_2,perception_light,130000000000,130000,8000000,64000,1500000000,0.5
planning_medium__veh_3__t_130000,veh_3,planning_medium,130000000000,130000,2000000,32000,3000000000,1.0
cooperative_awareness__veh_4__t_130000,veh_4,cooperative_awareness,130000000000,130000,512000,16000,800000000,0.75
perception_light__veh_7__t_130000,veh_7,perception_light,130000000000,130000,8000000,64000,1500000000,0.5
planning_medium__veh_8__t_130000,veh_8,planning_medium,130000000000,130000,2000000,32000,3000000000,1.0
perception_light__veh_1__t_131000,veh_1,perception_light,131000000000,131000,8000000,64000,1500000000,0.5
perception_light__veh_11__t_131000,veh_11,perception_light,131000000000,131000,8000000,64000,1500000000,0.5
perception_light__veh_6__t_131000,veh_6,perception_light,131000000000,131000,8000000,64000,1500000000,0.5
cooperative_awareness__veh_8__t_131000,veh_8,cooperative_awareness,131000000000,131000,512000,16000,800000000,0.75
perception_light__veh_0__t_132000,veh_0,perception_light,132000000000,132000,8000000,64000,1500000000,0.5
planning_medium__veh_1__t_132000,veh_1,planning_medium,132000000000,132000,2000000,32000,3000000000,1.0
perception_light__veh_10__t_132000,veh_10,perception_light,132000000000,132000,8000000,64000,1500000000,0.5
planning_medium__veh_11__t_132000,veh_11,planning_medium,132000000000,132000,2000000,32000,3000000000,1.0
perception_light__veh_5__t_132000,veh_5,perception_light,132000000000,132000,8000000,64000,1500000000,0.5
planning_medium__veh_6__t_132000,veh_6,planning_medium,132000000000,132000,2000000,32000,3000000000,1.0
cooperative_awareness__veh_1__t_133000,veh_1,cooperative_awareness,133000000000,133000,512000,16000,800000000,0.75
perception_light__veh_4__t_133000,veh_4,perception_light,133000000000,133000,8000000,64000,1500000000,0.5
perception_light__veh_9__t_133000,veh_9,perception_light,133000000000,133000,8000000,64000,1500000000,0.5
perception_light__veh_3__t_134000,veh_3,perception_light,134000000000,134000,8000000,64000,1500000000,0.5
planning_medium__veh_4__t_134000,veh_4,planning_medium,134000000000,134000,2000000,32000,3000000000,1.0
cooperative_awareness__veh_5__t_134000,veh_5,cooperative_awareness,134000000000,134000,512000,16000,800000000,0.75
perception_light__veh_8__t_134000,veh_8,perception_light,134000000000,134000,8000000,64000,1500000000,0.5
planning_medium__veh_9__t_134000,veh_9,planning_medium,134000000000,134000,2000000,32000,3000000000,1.0
perception_light__veh_2__t_135000,veh_2,perception_light,135000000000,135000,8000000,64000,1500000000,0.5
perception_light__veh_7__t_135000,veh_7,perception_light,135000000000,135000,8000000,64000,1500000000,0.5
cooperative_awareness__veh_9__t_135000,veh_9,cooperative_awareness,135000000000,135000,512000,16000,800000000,0.75
perception_light__veh_1__t_136000,veh_1,perception_light,136000000000,136000,8000000,64000,1500000000,0.5
perception_light__veh_11__t_136000,veh_11,perception_light,136000000000,136000,8000000,64000,1500000000,0.5
planning_medium__veh_2__t_136000,veh_2,planning_medium,136000000000,136000,2000000,32000,3000000000,1.0
perception_light__veh_6__t_136000,veh_6,perception_light,136000000000,136000,8000000,64000,1500000000,0.5
planning_medium__veh_7__t_136000,veh_7,planning_medium,136000000000,136000,2000000,32000,3000000000,1.0
perception_light__veh_0__t_137000,veh_0,perception_light,137000000000,137000,8000000,64000,1500000000,0.5
perception_light__veh_10__t_137000,veh_10,perception_light,137000000000,137000,8000000,64000,1500000000,0.5
cooperative_awareness__veh_2__t_137000,veh_2,cooperative_awareness,137000000000,137000,512000,16000,800000000,0.75
perception_light__veh_5__t_137000,veh_5,perception_light,137000000000,137000,8000000,64000,1500000000,0.5
planning_medium__veh_0__t_138000,veh_0,planning_medium,138000000000,138000,2000000,32000,3000000000,1.0
planning_medium__veh_10__t_138000,veh_10,planning_medium,138000000000,138000,2000000,32000,3000000000,1.0
perception_light__veh_4__t_138000,veh_4,perception_light,138000000000,138000,8000000,64000,1500000000,0.5
planning_medium__veh_5__t_138000,veh_5,planning_medium,138000000000,138000,2000000,32000,3000000000,1.0
cooperative_awareness__veh_6__t_138000,veh_6,cooperative_awareness,138000000000,138000,512000,16000,800000000,0.75
perception_light__veh_9__t_138000,veh_9,perception_light,138000000000,138000,8000000,64000,1500000000,0.5
cooperative_awareness__veh_10__t_139000,veh_10,cooperative_awareness,139000000000,139000,512000,16000,800000000,0.75
perception_light__veh_3__t_139000,veh_3,perception_light,139000000000,139000,8000000,64000,1500000000,0.5
perception_light__veh_8__t_139000,veh_8,perception_light,139000000000,139000,8000000,64000,1500000000,0.5
perception_light__veh_2__t_140000,veh_2,perception_light,140000000000,140000,8000000,64000,1500000000,0.5
planning_medium__veh_3__t_140000,veh_3,planning_medium,140000000000,140000,2000000,32000,3000000000,1.0
perception_light__veh_7__t_140000,veh_7,perception_light,140000000000,140000,8000000,64000,1500000000,0.5
planning_medium__veh_8__t_140000,veh_8,planning_medium,140000000000,140000,2000000,32000,3000000000,1.0
perception_light__veh_1__t_141000,veh_1,perception_light,141000000000,141000,8000000,64000,1500000000,0.5
perception_light__veh_11__t_141000,veh_11,perception_light,141000000000,141000,8000000,64000,1500000000,0.5
cooperative_awareness__veh_3__t_141000,veh_3,cooperative_awareness,141000000000,141000,512000,16000,800000000,0.75
perception_light__veh_6__t_141000,veh_6,perception_light,141000000000,141000,8000000,64000,1500000000,0.5
perception_light__veh_0__t_142000,veh_0,perception_light,142000000000,142000,8000000,64000,1500000000,0.5
planning_medium__veh_1__t_142000,veh_1,planning_medium,142000000000,142000,2000000,32000,3000000000,1.0
perception_light__veh_10__t_142000,veh_10,perception_light,142000000000,142000,8000000,64000,1500000000,0.5
planning_medium__veh_11__t_142000,veh_11,planning_medium,142000000000,142000,2000000,32000,3000000000,1.0
perception_light__veh_5__t_142000,veh_5,perception_light,142000000000,142000,8000000,64000,1500000000,0.5
planning_medium__veh_6__t_142000,veh_6,planning_medium,142000000000,142000,2000000,32000,3000000000,1.0
cooperative_awareness__veh_7__t_142000,veh_7,cooperative_awareness,142000000000,142000,512000,16000,800000000,0.75
cooperative_awareness__veh_11__t_143000,veh_11,cooperative_awareness,143000000000,143000,512000,16000,800000000,0.75
perception_light__veh_4__t_143000,veh_4,perception_light,143000000000,143000,8000000,64000,1500000000,0.5
perception_light__veh_9__t_143000,veh_9,perception_light,143000000000,143000,8000000,64000,1500000000,0.5
cooperative_awareness__veh_0__t_144000,veh_0,cooperative_awareness,144000000000,144000,512000,16000,800000000,0.75
perception_light__veh_3__t_144000,veh_3,perception_light,144000000000,144000,8000000,64000,1500000000,0.5
planning_medium__veh_4__t_144000,veh_4,planning_medium,144000000000,144000,2000000,32000,3000000000,1.0
perception_light__veh_8__t_144000,veh_8,perception_light,144000000000,144000,8000000,64000,1500000000,0.5
planning_medium__veh_9__t_144000,veh_9,planning_medium,144000000000,144000,2000000,32000,3000000000,1.0
perception_light__veh_2__t_145000,veh_2,perception_light,145000000000,145000,8000000,64000,1500000000,0.5
cooperative_awareness__veh_4__t_145000,veh_4,cooperative_awareness,145000000000,145000,512000,16000,800000000,0.75
perception_light__veh_7__t_145000,veh_7,perception_light,145000000000,145000,8000000,64000,1500000000,0.5
perception_light__veh_1__t_146000,veh_1,perception_light,146000000000,146000,8000000,64000,1500000000,0.5
perception_light__veh_11__t_146000,veh_11,perception_light,146000000000,146000,8000000,64000,1500000000,0.5
planning_medium__veh_2__t_146000,veh_2,planning_medium,146000000000,146000,2000000,32000,3000000000,1.0
perception_light__veh_6__t_146000,veh_6,perception_light,146000000000,146000,8000000,64000,1500000000,0.5
planning_medium__veh_7__t_146000,veh_7,planning_medium,146000000000,146000,2000000,32000,3000000000,1.0
cooperative_awareness__veh_8__t_146000,veh_8,cooperative_awareness,146000000000,146000,512000,16000,800000000,0.75
perception_light__veh_0__t_147000,veh_0,perception_light,147000000000,147000,8000000,64000,1500000000,0.5
perception_light__veh_10__t_147000,veh_10,perception_light,147000000000,147000,8000000,64000,1500000000,0.5
perception_light__veh_5__t_147000,veh_5,perception_light,147000000000,147000,8000000,64000,1500000000,0.5
planning_medium__veh_0__t_148000,veh_0,planning_medium,148000000000,148000,2000000,32000,3000000000,1.0
cooperative_awareness__veh_1__t_148000,veh_1,cooperative_awareness,148000000000,148000,512000,16000,800000000,0.75
planning_medium__veh_10__t_148000,veh_10,planning_medium,148000000000,148000,2000000,32000,3000000000,1.0
perception_light__veh_4__t_148000,veh_4,perception_light,148000000000,148000,8000000,64000,1500000000,0.5
planning_medium__veh_5__t_148000,veh_5,planning_medium,148000000000,148000,2000000,32000,3000000000,1.0
perception_light__veh_9__t_148000,veh_9,perception_light,148000000000,148000,8000000,64000,1500000000,0.5
perception_light__veh_3__t_149000,veh_3,perception_light,149000000000,149000,8000000,64000,1500000000,0.5
cooperative_awareness__veh_5__t_149000,veh_5,cooperative_awareness,149000000000,149000,512000,16000,800000000,0.75
perception_light__veh_8__t_149000,veh_8,perception_light,149000000000,149000,8000000,64000,1500000000,0.5
perception_light__veh_2__t_150000,veh_2,perception_light,150000000000,150000,8000000,64000,1500000000,0.5
planning_medium__veh_3__t_150000,veh_3,planning_medium,150000000000,150000,2000000,32000,3000000000,1.0
perception_light__veh_7__t_150000,veh_7,perception_light,150000000000,150000,8000000,64000,1500000000,0.5
planning_medium__veh_8__t_150000,veh_8,planning_medium,150000000000,150000,2000000,32000,3000000000,1.0
cooperative_awareness__veh_9__t_150000,veh_9,cooperative_awareness,150000000000,150000,512000,16000,800000000,0.75
perception_light__veh_1__t_151000,veh_1,perception_light,151000000000,151000,8000000,64000,1500000000,0.5
perception_light__veh_11__t_151000,veh_11,perception_light,151000000000,151000,8000000,64000,1500000000,0.5
perception_light__veh_6__t_151000,veh_6,perception_light,151000000000,151000,8000000,64000,1500000000,0.5
perception_light__veh_0__t_152000,veh_0,perception_light,152000000000,152000,8000000,64000,1500000000,0.5
planning_medium__veh_1__t_152000,veh_1,planning_medium,152000000000,152000,2000000,32000,3000000000,1.0
perception_light__veh_10__t_152000,veh_10,perception_light,152000000000,152000,8000000,64000,1500000000,0.5
planning_medium__veh_11__t_152000,veh_11,planning_medium,152000000000,152000,2000000,32000,3000000000,1.0
cooperative_awareness__veh_2__t_152000,veh_2,cooperative_awareness,152000000000,152000,512000,16000,800000000,0.75
perception_light__veh_5__t_152000,veh_5,perception_light,152000000000,152000,8000000,64000,1500000000,0.5
planning_medium__veh_6__t_152000,veh_6,planning_medium,152000000000,152000,2000000,32000,3000000000,1.0
perception_light__veh_4__t_153000,veh_4,perception_light,153000000000,153000,8000000,64000,1500000000,0.5
cooperative_awareness__veh_6__t_153000,veh_6,cooperative_awareness,153000000000,153000,512000,16000,800000000,0.75
perception_light__veh_9__t_153000,veh_9,perception_light,153000000000,153000,8000000,64000,1500000000,0.5
cooperative_awareness__veh_10__t_154000,veh_10,cooperative_awareness,154000000000,154000,512000,16000,800000000,0.75
perception_light__veh_3__t_154000,veh_3,perception_light,154000000000,154000,8000000,64000,1500000000,0.5
planning_medium__veh_4__t_154000,veh_4,planning_medium,154000000000,154000,2000000,32000,3000000000,1.0
perception_light__veh_8__t_154000,veh_8,perception_light,154000000000,154000,8000000,64000,1500000000,0.5
planning_medium__veh_9__t_154000,veh_9,planning_medium,154000000000,154000,2000000,32000,3000000000,1.0
perception_light__veh_2__t_155000,veh_2,perception_light,155000000000,155000,8000000,64000,1500000000,0.5
perception_light__veh_7__t_155000,veh_7,perception_light,155000000000,155000,8000000,64000,1500000000,0.5
perception_light__veh_1__t_156000,veh_1,perception_light,156000000000,156000,8000000,64000,1500000000,0.5
perception_light__veh_11__t_156000,veh_11,perception_light,156000000000,156000,8000000,64000,1500000000,0.5
planning_medium__veh_2__t_156000,veh_2,planning_medium,156000000000,156000,2000000,32000,3000000000,1.0
cooperative_awareness__veh_3__t_156000,veh_3,cooperative_awareness,156000000000,156000,512000,16000,800000000,0.75
perception_light__veh_6__t_156000,veh_6,perception_light,156000000000,156000,8000000,64000,1500000000,0.5
planning_medium__veh_7__t_156000,veh_7,planning_medium,156000000000,156000,2000000,32000,3000000000,1.0
perception_light__veh_0__t_157000,veh_0,perception_light,157000000000,157000,8000000,64000,1500000000,0.5
perception_light__veh_10__t_157000,veh_10,perception_light,157000000000,157000,8000000,64000,1500000000,0.5
perception_light__veh_5__t_157000,veh_5,perception_light,157000000000,157000,8000000,64000,1500000000,0.5
cooperative_awareness__veh_7__t_157000,veh_7,cooperative_awareness,157000000000,157000,512000,16000,800000000,0.75
planning_medium__veh_0__t_158000,veh_0,planning_medium,158000000000,158000,2000000,32000,3000000000,1.0
planning_medium__veh_10__t_158000,veh_10,planning_medium,158000000000,158000,2000000,32000,3000000000,1.0
cooperative_awareness__veh_11__t_158000,veh_11,cooperative_awareness,158000000000,158000,512000,16000,800000000,0.75
perception_light__veh_4__t_158000,veh_4,perception_light,158000000000,158000,8000000,64000,1500000000,0.5
planning_medium__veh_5__t_158000,veh_5,planning_medium,158000000000,158000,2000000,32000,3000000000,1.0
perception_light__veh_9__t_158000,veh_9,perception_light,158000000000,158000,8000000,64000,1500000000,0.5
cooperative_awareness__veh_0__t_159000,veh_0,cooperative_awareness,159000000000,159000,512000,16000,800000000,0.75
perception_light__veh_3__t_159000,veh_3,perception_light,159000000000,159000,8000000,64000,1500000000,0.5
perception_light__veh_8__t_159000,veh_8,perception_light,159000000000,159000,8000000,64000,1500000000,0.5
perception_light__veh_2__t_160000,veh_2,perception_light,160000000000,160000,8000000,64000,1500000000,0.5
planning_medium__veh_3__t_160000,veh_3,planning_medium,160000000000,160000,2000000,32000,3000000000,1.0
cooperative_awareness__veh_4__t_160000,veh_4,cooperative_awareness,160000000000,160000,512000,16000,800000000,0.75
perception_light__veh_7__t_160000,veh_7,perception_light,160000000000,160000,8000000,64000,1500000000,0.5
planning_medium__veh_8__t_160000,veh_8,planning_medium,160000000000,160000,2000000,32000,3000000000,1.0
perception_light__veh_1__t_161000,veh_1,perception_light,161000000000,161000,8000000,64000,1500000000,0.5
perception_light__veh_11__t_161000,veh_11,perception_light,161000000000,161000,8000000,64000,1500000000,0.5
perception_light__veh_6__t_161000,veh_6,perception_light,161000000000,161000,8000000,64000,1500000000,0.5
cooperative_awareness__veh_8__t_161000,veh_8,cooperative_awareness,161000000000,161000,512000,16000,800000000,0.75
perception_light__veh_0__t_162000,veh_0,perception_light,162000000000,162000,8000000,64000,1500000000,0.5
planning_medium__veh_1__t_162000,veh_1,planning_medium,162000000000,162000,2000000,32000,3000000000,1.0
perception_light__veh_10__t_162000,veh_10,perception_light,162000000000,162000,8000000,64000,1500000000,0.5
planning_medium__veh_11__t_162000,veh_11,planning_medium,162000000000,162000,2000000,32000,3000000000,1.0
perception_light__veh_5__t_162000,veh_5,perception_light,162000000000,162000,8000000,64000,1500000000,0.5
planning_medium__veh_6__t_162000,veh_6,planning_medium,162000000000,162000,2000000,32000,3000000000,1.0
cooperative_awareness__veh_1__t_163000,veh_1,cooperative_awareness,163000000000,163000,512000,16000,800000000,0.75
perception_light__veh_4__t_163000,veh_4,perception_light,163000000000,163000,8000000,64000,1500000000,0.5
perception_light__veh_9__t_163000,veh_9,perception_light,163000000000,163000,8000000,64000,1500000000,0.5
perception_light__veh_3__t_164000,veh_3,perception_light,164000000000,164000,8000000,64000,1500000000,0.5
planning_medium__veh_4__t_164000,veh_4,planning_medium,164000000000,164000,2000000,32000,3000000000,1.0
cooperative_awareness__veh_5__t_164000,veh_5,cooperative_awareness,164000000000,164000,512000,16000,800000000,0.75
perception_light__veh_8__t_164000,veh_8,perception_light,164000000000,164000,8000000,64000,1500000000,0.5
planning_medium__veh_9__t_164000,veh_9,planning_medium,164000000000,164000,2000000,32000,3000000000,1.0
perception_light__veh_2__t_165000,veh_2,perception_light,165000000000,165000,8000000,64000,1500000000,0.5
perception_light__veh_7__t_165000,veh_7,perception_light,165000000000,165000,8000000,64000,1500000000,0.5
cooperative_awareness__veh_9__t_165000,veh_9,cooperative_awareness,165000000000,165000,512000,16000,800000000,0.75
perception_light__veh_1__t_166000,veh_1,perception_light,166000000000,166000,8000000,64000,1500000000,0.5
perception_light__veh_11__t_166000,veh_11,perception_light,166000000000,166000,8000000,64000,1500000000,0.5
planning_medium__veh_2__t_166000,veh_2,planning_medium,166000000000,166000,2000000,32000,3000000000,1.0
perception_light__veh_6__t_166000,veh_6,perception_light,166000000000,166000,8000000,64000,1500000000,0.5
planning_medium__veh_7__t_166000,veh_7,planning_medium,166000000000,166000,2000000,32000,3000000000,1.0
perception_light__veh_0__t_167000,veh_0,perception_light,167000000000,167000,8000000,64000,1500000000,0.5
perception_light__veh_10__t_167000,veh_10,perception_light,167000000000,167000,8000000,64000,1500000000,0.5
cooperative_awareness__veh_2__t_167000,veh_2,cooperative_awareness,167000000000,167000,512000,16000,800000000,0.75
perception_light__veh_5__t_167000,veh_5,perception_light,167000000000,167000,8000000,64000,1500000000,0.5
planning_medium__veh_0__t_168000,veh_0,planning_medium,168000000000,168000,2000000,32000,3000000000,1.0
planning_medium__veh_10__t_168000,veh_10,planning_medium,168000000000,168000,2000000,32000,3000000000,1.0
perception_light__veh_4__t_168000,veh_4,perception_light,168000000000,168000,8000000,64000,1500000000,0.5
planning_medium__veh_5__t_168000,veh_5,planning_medium,168000000000,168000,2000000,32000,3000000000,1.0
cooperative_awareness__veh_6__t_168000,veh_6,cooperative_awareness,168000000000,168000,512000,16000,800000000,0.75
perception_light__veh_9__t_168000,veh_9,perception_light,168000000000,168000,8000000,64000,1500000000,0.5
cooperative_awareness__veh_10__t_169000,veh_10,cooperative_awareness,169000000000,169000,512000,16000,800000000,0.75
perception_light__veh_3__t_169000,veh_3,perception_light,169000000000,169000,8000000,64000,1500000000,0.5
perception_light__veh_8__t_169000,veh_8,perception_light,169000000000,169000,8000000,64000,1500000000,0.5
perception_light__veh_2__t_170000,veh_2,perception_light,170000000000,170000,8000000,64000,1500000000,0.5
planning_medium__veh_3__t_170000,veh_3,planning_medium,170000000000,170000,2000000,32000,3000000000,1.0
perception_light__veh_7__t_170000,veh_7,perception_light,170000000000,170000,8000000,64000,1500000000,0.5
planning_medium__veh_8__t_170000,veh_8,planning_medium,170000000000,170000,2000000,32000,3000000000,1.0
perception_light__veh_1__t_171000,veh_1,perception_light,171000000000,171000,8000000,64000,1500000000,0.5
perception_light__veh_11__t_171000,veh_11,perception_light,171000000000,171000,8000000,64000,1500000000,0.5
cooperative_awareness__veh_3__t_171000,veh_3,cooperative_awareness,171000000000,171000,512000,16000,800000000,0.75
perception_light__veh_6__t_171000,veh_6,perception_light,171000000000,171000,8000000,64000,1500000000,0.5
perception_light__veh_0__t_172000,veh_0,perception_light,172000000000,172000,8000000,64000,1500000000,0.5
planning_medium__veh_1__t_172000,veh_1,planning_medium,172000000000,172000,2000000,32000,3000000000,1.0
perception_light__veh_10__t_172000,veh_10,perception_light,172000000000,172000,8000000,64000,1500000000,0.5
planning_medium__veh_11__t_172000,veh_11,planning_medium,172000000000,172000,2000000,32000,3000000000,1.0
perception_light__veh_5__t_172000,veh_5,perception_light,172000000000,172000,8000000,64000,1500000000,0.5
planning_medium__veh_6__t_172000,veh_6,planning_medium,172000000000,172000,2000000,32000,3000000000,1.0
cooperative_awareness__veh_7__t_172000,veh_7,cooperative_awareness,172000000000,172000,512000,16000,800000000,0.75
cooperative_awareness__veh_11__t_173000,veh_11,cooperative_awareness,173000000000,173000,512000,16000,800000000,0.75
perception_light__veh_4__t_173000,veh_4,perception_light,173000000000,173000,8000000,64000,1500000000,0.5
perception_light__veh_9__t_173000,veh_9,perception_light,173000000000,173000,8000000,64000,1500000000,0.5
cooperative_awareness__veh_0__t_174000,veh_0,cooperative_awareness,174000000000,174000,512000,16000,800000000,0.75
perception_light__veh_3__t_174000,veh_3,perception_light,174000000000,174000,8000000,64000,1500000000,0.5
planning_medium__veh_4__t_174000,veh_4,planning_medium,174000000000,174000,2000000,32000,3000000000,1.0
perception_light__veh_8__t_174000,veh_8,perception_light,174000000000,174000,8000000,64000,1500000000,0.5
planning_medium__veh_9__t_174000,veh_9,planning_medium,174000000000,174000,2000000,32000,3000000000,1.0
perception_light__veh_2__t_175000,veh_2,perception_light,175000000000,175000,8000000,64000,1500000000,0.5
cooperative_awareness__veh_4__t_175000,veh_4,cooperative_awareness,175000000000,175000,512000,16000,800000000,0.75
perception_light__veh_7__t_175000,veh_7,perception_light,175000000000,175000,8000000,64000,1500000000,0.5
perception_light__veh_1__t_176000,veh_1,perception_light,176000000000,176000,8000000,64000,1500000000,0.5
perception_light__veh_11__t_176000,veh_11,perception_light,176000000000,176000,8000000,64000,1500000000,0.5
planning_medium__veh_2__t_176000,veh_2,planning_medium,176000000000,176000,2000000,32000,3000000000,1.0
perception_light__veh_6__t_176000,veh_6,perception_light,176000000000,176000,8000000,64000,1500000000,0.5
planning_medium__veh_7__t_176000,veh_7,planning_medium,176000000000,176000,2000000,32000,3000000000,1.0
cooperative_awareness__veh_8__t_176000,veh_8,cooperative_awareness,176000000000,176000,512000,16000,800000000,0.75
perception_light__veh_0__t_177000,veh_0,perception_light,177000000000,177000,8000000,64000,1500000000,0.5
perception_light__veh_10__t_177000,veh_10,perception_light,177000000000,177000,8000000,64000,1500000000,0.5
perception_light__veh_5__t_177000,veh_5,perception_light,177000000000,177000,8000000,64000,1500000000,0.5
planning_medium__veh_0__t_178000,veh_0,planning_medium,178000000000,178000,2000000,32000,3000000000,1.0
cooperative_awareness__veh_1__t_178000,veh_1,cooperative_awareness,178000000000,178000,512000,16000,800000000,0.75
planning_medium__veh_10__t_178000,veh_10,planning_medium,178000000000,178000,2000000,32000,3000000000,1.0
perception_light__veh_4__t_178000,veh_4,perception_light,178000000000,178000,8000000,64000,1500000000,0.5
planning_medium__veh_5__t_178000,veh_5,planning_medium,178000000000,178000,2000000,32000,3000000000,1.0
perception_light__veh_9__t_178000,veh_9,perception_light,178000000000,178000,8000000,64000,1500000000,0.5
perception_light__veh_3__t_179000,veh_3,perception_light,179000000000,179000,8000000,64000,1500000000,0.5
cooperative_awareness__veh_5__t_179000,veh_5,cooperative_awareness,179000000000,179000,512000,16000,800000000,0.75
perception_light__veh_8__t_179000,veh_8,perception_light,179000000000,179000,8000000,64000,1500000000,0.5
perception_light__veh_2__t_180000,veh_2,perception_light,180000000000,180000,8000000,64000,1500000000,0.5
planning_medium__veh_3__t_180000,veh_3,planning_medium,180000000000,180000,2000000,32000,3000000000,1.0
perception_light__veh_7__t_180000,veh_7,perception_light,180000000000,180000,8000000,64000,1500000000,0.5
planning_medium__veh_8__t_180000,veh_8,planning_medium,180000000000,180000,2000000,32000,3000000000,1.0
cooperative_awareness__veh_9__t_180000,veh_9,cooperative_awareness,180000000000,180000,512000,16000,800000000,0.75
