stepIndex,trigger,triggerTimeSeconds,observationTimeSeconds,sourceSnapshotId,sourceSnapshotTimeSeconds,exactTimestampMatch,pastSnapshotReuse,sourceSnapshotAdvanced,sourceSnapshotSkippedCount,futureLookAhead,tasksCount,vehiclesCount,candidateNodesCount,dynamicity,dynamicityLevel,suggestedReusePolicy,appliedReusePolicy,runtimeSeconds,horizonReachedAfterStep
0,"FIRST_RUN",5.0,5.0,"mosaic_generated_000_t_005",5.0,true,false,false,0,false,0,0,0,0.0,"UNKNOWN","FIRST_RUN","FIRST_RUN",9.981E-4,false
1,"SCHEDULED_WINDOW_EXPIRATION",10.0,10.0,"mosaic_generated_001_t_010",10.0,true,false,true,0,false,3,1,1,0.74999999975,"HIGH","COLD_START","COLD_START",0.0382216,false
2,"SCHEDULED_WINDOW_EXPIRATION",14.0,14.0,"mosaic_generated_001_t_010",10.0,false,true,false,0,false,3,1,1,0.0,"STABLE","WARM_START","WARM_START",0.0125962,false
3,"SCHEDULED_WINDOW_EXPIRATION",18.0,18.0,"mosaic_generated_002_t_015",15.0,false,false,true,0,false,5,3,9,0.6249999999444444,"MODERATE","PARTIAL_RESTART","PARTIAL_RESTART",0.0320361,false
4,"SCHEDULED_WINDOW_EXPIRATION",21.0,21.0,"mosaic_generated_003_t_020",20.0,false,false,true,0,false,8,4,16,0.374999999984375,"MODERATE","PARTIAL_RESTART","PARTIAL_RESTART",0.0486859,false
5,"SCHEDULED_WINDOW_EXPIRATION",23.0,23.0,"mosaic_generated_003_t_020",20.0,false,true,false,0,false,8,4,16,0.0,"STABLE","WARM_START","WARM_START",0.0324363,false
6,"SCHEDULED_WINDOW_EXPIRATION",25.0,25.0,"mosaic_generated_004_t_025",25.0,true,false,true,0,false,10,5,25,0.34999999999,"MODERATE","PARTIAL_RESTART","PARTIAL_RESTART",0.0425159,false
7,"SCHEDULED_WINDOW_EXPIRATION",26.0,26.0,"mosaic_generated_004_t_025",25.0,false,true,false,0,false,10,5,25,0.0,"STABLE","WARM_START","WARM_START",0.0531521,false
8,"SCHEDULED_WINDOW_EXPIRATION",27.0,27.0,"mosaic_generated_004_t_025",25.0,false,true,false,0,false,10,5,25,0.0,"STABLE","WARM_START","WARM_START",0.0343361,false
9,"SCHEDULED_WINDOW_EXPIRATION",28.0,28.0,"mosaic_generated_004_t_025",25.0,false,true,false,0,false,10,5,25,0.0,"STABLE","WARM_START","WARM_START",0.0304099,false
10,"SCHEDULED_WINDOW_EXPIRATION",29.0,29.0,"mosaic_generated_004_t_025",25.0,false,true,false,0,false,10,5,25,0.0,"STABLE","WARM_START","WARM_START",0.0315593,false
11,"SCHEDULED_WINDOW_EXPIRATION",30.0,30.0,"mosaic_generated_005_t_030",30.0,true,false,true,0,false,12,6,34,0.3333333333263889,"MODERATE","PARTIAL_RESTART","PARTIAL_RESTART",0.0446771,false
12,"SCHEDULED_WINDOW_EXPIRATION",30.0815603,30.0815603,"mosaic_generated_005_t_030",30.0,false,true,false,0,false,12,6,34,0.0,"STABLE","WARM_START","WARM_START",0.0432894,false
13,"SCHEDULED_WINDOW_EXPIRATION",30.1762384,30.1762384,"mosaic_generated_005_t_030",30.0,false,true,false,0,false,12,6,34,0.0,"STABLE","WARM_START","WARM_START",0.0384523,false
14,"SCHEDULED_WINDOW_EXPIRATION",30.2709165,30.2709165,"mosaic_generated_005_t_030",30.0,false,true,false,0,false,12,6,34,0.0,"STABLE","WARM_START","WARM_START",0.0292826,false
15,"SCHEDULED_WINDOW_EXPIRATION",30.365594599999998,30.365594599999998,"mosaic_generated_005_t_030",30.0,false,true,false,0,false,12,6,34,0.0,"STABLE","WARM_START","WARM_START",0.0351859,false
16,"SCHEDULED_WINDOW_EXPIRATION",30.460272699999997,30.460272699999997,"mosaic_generated_005_t_030",30.0,false,true,false,0,false,12,6,34,0.0,"STABLE","WARM_START","WARM_START",0.0332093,false
17,"SCHEDULED_WINDOW_EXPIRATION",30.554950799999997,30.554950799999997,"mosaic_generated_005_t_030",30.0,false,true,false,0,false,12,6,34,0.0,"STABLE","WARM_START","WARM_START",0.0409488,false
18,"SCHEDULED_WINDOW_EXPIRATION",30.649628899999996,30.649628899999996,"mosaic_generated_005_t_030",30.0,false,true,false,0,false,12,6,34,0.0,"STABLE","WARM_START","WARM_START",0.0395247,false
19,"SCHEDULED_WINDOW_EXPIRATION",30.744306999999996,30.744306999999996,"mosaic_generated_005_t_030",30.0,false,true,false,0,false,12,6,34,0.0,"STABLE","WARM_START","WARM_START",0.0337871,false
20,"SCHEDULED_WINDOW_EXPIRATION",30.838985099999995,30.838985099999995,"mosaic_generated_005_t_030",30.0,false,true,false,0,false,12,6,34,0.0,"STABLE","WARM_START","WARM_START",0.0229037,false
21,"SCHEDULED_WINDOW_EXPIRATION",30.933663199999994,30.933663199999994,"mosaic_generated_005_t_030",30.0,false,true,false,0,false,12,6,34,0.0,"STABLE","WARM_START","WARM_START",0.0350509,false
22,"SCHEDULED_WINDOW_EXPIRATION",31.028341299999994,31.028341299999994,"mosaic_generated_005_t_030",30.0,false,true,false,0,false,12,6,34,0.0,"STABLE","WARM_START","WARM_START",0.0375582,false
23,"SCHEDULED_WINDOW_EXPIRATION",31.123019399999993,31.123019399999993,"mosaic_generated_005_t_030",30.0,false,true,false,0,false,12,6,34,0.0,"STABLE","WARM_START","WARM_START",0.0516184,false
24,"SCHEDULED_WINDOW_EXPIRATION",31.217697499999993,31.217697499999993,"mosaic_generated_005_t_030",30.0,false,true,false,0,false,12,6,34,0.0,"STABLE","WARM_START","WARM_START",0.0435928,false
25,"SCHEDULED_WINDOW_EXPIRATION",31.319316899999993,31.319316899999993,"mosaic_generated_005_t_030",30.0,false,true,false,0,false,12,6,34,0.0,"STABLE","WARM_START","WARM_START",0.0390017,false
26,"SCHEDULED_WINDOW_EXPIRATION",31.420936299999994,31.420936299999994,"mosaic_generated_005_t_030",30.0,false,true,false,0,false,12,6,34,0.0,"STABLE","WARM_START","WARM_START",0.0308557,false
27,"SCHEDULED_WINDOW_EXPIRATION",31.522555699999995,31.522555699999995,"mosaic_generated_005_t_030",30.0,false,true,false,0,false,12,6,34,0.0,"STABLE","WARM_START","WARM_START",0.0372226,false
28,"SCHEDULED_WINDOW_EXPIRATION",31.624175099999995,31.624175099999995,"mosaic_generated_005_t_030",30.0,false,true,false,0,false,12,6,34,0.0,"STABLE","WARM_START","WARM_START",0.0365002,false
29,"SCHEDULED_WINDOW_EXPIRATION",31.725794499999996,31.725794499999996,"mosaic_generated_005_t_030",30.0,false,true,false,0,false,12,6,34,0.0,"STABLE","WARM_START","WARM_START",0.0299711,false
30,"SCHEDULED_WINDOW_EXPIRATION",31.827413899999996,31.827413899999996,"mosaic_generated_005_t_030",30.0,false,true,false,0,false,12,6,34,0.0,"STABLE","WARM_START","WARM_START",0.0272534,false
31,"SCHEDULED_WINDOW_EXPIRATION",31.929033299999997,31.929033299999997,"mosaic_generated_005_t_030",30.0,false,true,false,0,false,12,6,34,0.0,"STABLE","WARM_START","WARM_START",0.0164838,false
32,"SCHEDULED_WINDOW_EXPIRATION",32.0306527,32.0306527,"mosaic_generated_005_t_030",30.0,false,true,false,0,false,12,6,34,0.0,"STABLE","WARM_START","WARM_START",0.037561,false
33,"SCHEDULED_WINDOW_EXPIRATION",32.132272099999994,32.132272099999994,"mosaic_generated_005_t_030",30.0,false,true,false,0,false,12,6,34,0.0,"STABLE","WARM_START","WARM_START",0.0239312,false
34,"SCHEDULED_WINDOW_EXPIRATION",32.23389149999999,32.23389149999999,"mosaic_generated_005_t_030",30.0,false,true,false,0,false,12,6,34,0.0,"STABLE","WARM_START","WARM_START",0.0247369,false
35,"SCHEDULED_WINDOW_EXPIRATION",32.33551089999999,32.33551089999999,"mosaic_generated_005_t_030",30.0,false,true,false,0,false,12,6,34,0.0,"STABLE","WARM_START","WARM_START",0.0211717,false
36,"SCHEDULED_WINDOW_EXPIRATION",32.437130299999986,32.437130299999986,"mosaic_generated_005_t_030",30.0,false,true,false,0,false,12,6,34,0.0,"STABLE","WARM_START","WARM_START",0.0246344,false
37,"SCHEDULED_WINDOW_EXPIRATION",32.53874969999998,32.53874969999998,"mosaic_generated_005_t_030",30.0,false,true,false,0,false,12,6,34,0.0,"STABLE","WARM_START","WARM_START",0.0221343,false
38,"SCHEDULED_WINDOW_EXPIRATION",32.64036909999998,32.64036909999998,"mosaic_generated_005_t_030",30.0,false,true,false,0,false,12,6,34,0.0,"STABLE","WARM_START","WARM_START",0.0239383,false
39,"SCHEDULED_WINDOW_EXPIRATION",32.74198849999998,32.74198849999998,"mosaic_generated_005_t_030",30.0,false,true,false,0,false,12,6,34,0.0,"STABLE","WARM_START","WARM_START",0.0229388,false
40,"SCHEDULED_WINDOW_EXPIRATION",32.843607899999974,32.843607899999974,"mosaic_generated_005_t_030",30.0,false,true,false,0,false,12,6,34,0.0,"STABLE","WARM_START","WARM_START",0.0187508,false
41,"SCHEDULED_WINDOW_EXPIRATION",32.94522729999997,32.94522729999997,"mosaic_generated_005_t_030",30.0,false,true,false,0,false,12,6,34,0.0,"STABLE","WARM_START","WARM_START",0.0139483,false
42,"SCHEDULED_WINDOW_EXPIRATION",33.04684669999997,33.04684669999997,"mosaic_generated_005_t_030",30.0,false,true,false,0,false,12,6,34,0.0,"STABLE","WARM_START","WARM_START",0.0189894,false
43,"SCHEDULED_WINDOW_EXPIRATION",33.148466099999965,33.148466099999965,"mosaic_generated_005_t_030",30.0,false,true,false,0,false,12,6,34,0.0,"STABLE","WARM_START","WARM_START",0.020543,false
44,"SCHEDULED_WINDOW_EXPIRATION",33.25008549999996,33.25008549999996,"mosaic_generated_005_t_030",30.0,false,true,false,0,false,12,6,34,0.0,"STABLE","WARM_START","WARM_START",0.0136626,false
45,"SCHEDULED_WINDOW_EXPIRATION",33.35170489999996,33.35170489999996,"mosaic_generated_005_t_030",30.0,false,true,false,0,false,12,6,34,0.0,"STABLE","WARM_START","WARM_START",0.0134502,false
46,"SCHEDULED_WINDOW_EXPIRATION",33.453324299999956,33.453324299999956,"mosaic_generated_005_t_030",30.0,false,true,false,0,false,12,6,34,0.0,"STABLE","WARM_START","WARM_START",0.0242038,false
47,"SCHEDULED_WINDOW_EXPIRATION",33.55494369999995,33.55494369999995,"mosaic_generated_005_t_030",30.0,false,true,false,0,false,12,6,34,0.0,"STABLE","WARM_START","WARM_START",0.0256358,false
48,"SCHEDULED_WINDOW_EXPIRATION",33.65656309999995,33.65656309999995,"mosaic_generated_005_t_030",30.0,false,true,false,0,false,12,6,34,0.0,"STABLE","WARM_START","WARM_START",0.0258425,false
49,"SCHEDULED_WINDOW_EXPIRATION",33.75818249999995,33.75818249999995,"mosaic_generated_005_t_030",30.0,false,true,false,0,false,12,6,34,0.0,"STABLE","WARM_START","WARM_START",0.0153949,false
50,"SCHEDULED_WINDOW_EXPIRATION",33.859801899999944,33.859801899999944,"mosaic_generated_005_t_030",30.0,false,true,false,0,false,12,6,34,0.0,"STABLE","WARM_START","WARM_START",0.0141942,false
51,"SCHEDULED_WINDOW_EXPIRATION",33.96142129999994,33.96142129999994,"mosaic_generated_005_t_030",30.0,false,true,false,0,false,12,6,34,0.0,"STABLE","WARM_START","WARM_START",0.0112125,false
52,"SCHEDULED_WINDOW_EXPIRATION",34.06304069999994,34.06304069999994,"mosaic_generated_005_t_030",30.0,false,true,false,0,false,12,6,34,0.0,"STABLE","WARM_START","WARM_START",0.013652,false
53,"SCHEDULED_WINDOW_EXPIRATION",34.164660099999935,34.164660099999935,"mosaic_generated_005_t_030",30.0,false,true,false,0,false,12,6,34,0.0,"STABLE","WARM_START","WARM_START",0.020702,false
54,"SCHEDULED_WINDOW_EXPIRATION",34.26627949999993,34.26627949999993,"mosaic_generated_005_t_030",30.0,false,true,false,0,false,12,6,34,0.0,"STABLE","WARM_START","WARM_START",0.0173841,false
55,"SCHEDULED_WINDOW_EXPIRATION",34.36789889999993,34.36789889999993,"mosaic_generated_005_t_030",30.0,false,true,false,0,false,12,6,34,0.0,"STABLE","WARM_START","WARM_START",0.0157824,false
56,"SCHEDULED_WINDOW_EXPIRATION",34.469518299999926,34.469518299999926,"mosaic_generated_005_t_030",30.0,false,true,false,0,false,12,6,34,0.0,"STABLE","WARM_START","WARM_START",0.016531,false
57,"SCHEDULED_WINDOW_EXPIRATION",34.57113769999992,34.57113769999992,"mosaic_generated_005_t_030",30.0,false,true,false,0,false,12,6,34,0.0,"STABLE","WARM_START","WARM_START",0.0168057,false
58,"SCHEDULED_WINDOW_EXPIRATION",34.67275709999992,34.67275709999992,"mosaic_generated_005_t_030",30.0,false,true,false,0,false,12,6,34,0.0,"STABLE","WARM_START","WARM_START",0.0137667,false
59,"SCHEDULED_WINDOW_EXPIRATION",34.77437649999992,34.77437649999992,"mosaic_generated_005_t_030",30.0,false,true,false,0,false,12,6,34,0.0,"STABLE","WARM_START","WARM_START",0.0161462,false
60,"SCHEDULED_WINDOW_EXPIRATION",34.875995899999914,34.875995899999914,"mosaic_generated_005_t_030",30.0,false,true,false,0,false,12,6,34,0.0,"STABLE","WARM_START","WARM_START",0.0131493,false
61,"SCHEDULED_WINDOW_EXPIRATION",34.97761529999991,34.97761529999991,"mosaic_generated_005_t_030",30.0,false,true,false,0,false,12,6,34,0.0,"STABLE","WARM_START","WARM_START",0.0119506,false
62,"SCHEDULED_WINDOW_EXPIRATION",35.07923469999991,35.07923469999991,"mosaic_generated_006_t_035",35.0,false,false,true,0,false,13,8,60,0.41161409196707716,"MODERATE","PARTIAL_RESTART","PARTIAL_RESTART",0.024245,false
63,"SCHEDULED_WINDOW_EXPIRATION",35.14118629999991,35.14118629999991,"mosaic_generated_006_t_035",35.0,false,true,false,0,false,13,8,60,0.0,"STABLE","WARM_START","WARM_START",0.023444,false
64,"SCHEDULED_WINDOW_EXPIRATION",36.20313789999991,36.20313789999991,"mosaic_generated_006_t_035",35.0,false,true,false,0,false,13,8,60,0.0,"STABLE","WARM_START","WARM_START",0.0300191,false
65,"SCHEDULED_WINDOW_EXPIRATION",37.87130076703023,37.87130076703023,"mosaic_generated_006_t_035",35.0,false,true,false,0,false,13,8,60,0.0,"STABLE","WARM_START","WARM_START",0.0230519,false
66,"SCHEDULED_WINDOW_EXPIRATION",39.539463634060546,39.539463634060546,"mosaic_generated_006_t_035",35.0,false,true,false,0,false,13,8,60,0.0,"STABLE","WARM_START","WARM_START",0.0265177,false
67,"SCHEDULED_WINDOW_EXPIRATION",41.207626501090864,41.207626501090864,"mosaic_generated_007_t_040",40.0,false,false,true,0,false,19,9,73,0.3277643627348231,"MODERATE","PARTIAL_RESTART","PARTIAL_RESTART",0.0333541,false
68,"SCHEDULED_WINDOW_EXPIRATION",41.87578936812118,41.87578936812118,"mosaic_generated_007_t_040",40.0,false,true,false,0,false,19,9,73,0.0,"STABLE","WARM_START","WARM_START",0.0322048,false
69,"SCHEDULED_WINDOW_EXPIRATION",43.5439522351515,43.5439522351515,"mosaic_generated_007_t_040",40.0,false,true,false,0,false,19,9,73,0.0,"STABLE","WARM_START","WARM_START",0.04304,false
70,"SCHEDULED_WINDOW_EXPIRATION",46.21211510218182,46.21211510218182,"mosaic_generated_008_t_045",45.0,false,false,true,0,false,18,10,86,0.33061477943046014,"MODERATE","PARTIAL_RESTART","PARTIAL_RESTART",0.0534449,false
71,"SCHEDULED_WINDOW_EXPIRATION",47.88027796921214,47.88027796921214,"mosaic_generated_008_t_045",45.0,false,true,false,0,false,18,10,86,0.0,"STABLE","WARM_START","WARM_START",0.0295093,false
72,"SCHEDULED_WINDOW_EXPIRATION",50.548440836242456,50.548440836242456,"mosaic_generated_009_t_050",50.0,false,false,true,0,false,21,11,99,0.330376008679453,"MODERATE","PARTIAL_RESTART","PARTIAL_RESTART",0.0414564,false
73,"SCHEDULED_WINDOW_EXPIRATION",52.216603703272774,52.216603703272774,"mosaic_generated_009_t_050",50.0,false,true,false,0,false,21,11,99,0.0,"STABLE","WARM_START","WARM_START",0.0378187,false
74,"SCHEDULED_WINDOW_EXPIRATION",54.88476657030309,54.88476657030309,"mosaic_generated_009_t_050",50.0,false,true,false,0,false,21,11,99,0.0,"STABLE","WARM_START","WARM_START",0.0389568,false
75,"SCHEDULED_WINDOW_EXPIRATION",58.55292943733341,58.55292943733341,"mosaic_generated_010_t_055",55.0,false,false,true,0,false,22,12,112,0.3310136951940056,"MODERATE","PARTIAL_RESTART","PARTIAL_RESTART",0.0646016,false
76,"SCHEDULED_WINDOW_EXPIRATION",61.22109230436373,61.22109230436373,"mosaic_generated_011_t_060",60.0,false,false,true,0,false,23,12,116,0.2961105168625374,"MODERATE","PARTIAL_RESTART","PARTIAL_RESTART",0.0515506,false
77,"SCHEDULED_WINDOW_EXPIRATION",62.88925517139405,62.88925517139405,"mosaic_generated_011_t_060",60.0,false,true,false,0,false,23,12,116,0.0,"STABLE","WARM_START","WARM_START",0.0441618,false
78,"SCHEDULED_WINDOW_EXPIRATION",65.55741803842436,65.55741803842436,"mosaic_generated_012_t_065",65.0,false,false,true,0,false,20,12,116,0.29882800669088505,"MODERATE","PARTIAL_RESTART","PARTIAL_RESTART",0.0448071,false
79,"SCHEDULED_WINDOW_EXPIRATION",67.22558090545468,67.22558090545468,"mosaic_generated_012_t_065",65.0,false,true,false,0,false,20,12,116,0.0,"STABLE","WARM_START","WARM_START",0.0528831,false
80,"SCHEDULED_WINDOW_EXPIRATION",69.893743772485,69.893743772485,"mosaic_generated_012_t_065",65.0,false,true,false,0,false,20,12,116,0.0,"STABLE","WARM_START","WARM_START",0.0426338,false
81,"SCHEDULED_WINDOW_EXPIRATION",73.56190663951531,73.56190663951531,"mosaic_generated_013_t_070",70.0,false,false,true,0,false,24,12,114,0.29852252577797894,"MODERATE","PARTIAL_RESTART","PARTIAL_RESTART",0.0544228,false
82,"SCHEDULED_WINDOW_EXPIRATION",76.23006950654563,76.23006950654563,"mosaic_generated_014_t_075",75.0,false,false,true,0,false,21,12,116,0.2968471804774907,"MODERATE","PARTIAL_RESTART","PARTIAL_RESTART",0.0470415,false
83,"SCHEDULED_WINDOW_EXPIRATION",77.89823237357595,77.89823237357595,"mosaic_generated_014_t_075",75.0,false,true,false,0,false,21,12,116,0.0,"STABLE","WARM_START","WARM_START",0.0414215,false
84,"SCHEDULED_WINDOW_EXPIRATION",80.56639524060627,80.56639524060627,"mosaic_generated_015_t_080",80.0,false,false,true,0,false,22,12,112,0.29455456450425366,"MODERATE","PARTIAL_RESTART","PARTIAL_RESTART",0.0422151,false
85,"SCHEDULED_WINDOW_EXPIRATION",82.23455810763659,82.23455810763659,"mosaic_generated_015_t_080",80.0,false,true,false,0,false,22,12,112,0.0,"STABLE","WARM_START","WARM_START",0.0540755,false
86,"SCHEDULED_WINDOW_EXPIRATION",84.9027209746669,84.9027209746669,"mosaic_generated_015_t_080",80.0,false,true,false,0,false,22,12,112,0.0,"STABLE","WARM_START","WARM_START",0.0494208,false
87,"SCHEDULED_WINDOW_EXPIRATION",88.57088384169722,88.57088384169722,"mosaic_generated_016_t_085",85.0,false,false,true,0,false,22,12,110,0.2875235818891015,"MODERATE","PARTIAL_RESTART","PARTIAL_RESTART",0.0472956,false
88,"SCHEDULED_WINDOW_EXPIRATION",91.23904670872754,91.23904670872754,"mosaic_generated_017_t_090",90.0,false,false,true,0,false,23,12,108,0.2790933585375818,"MODERATE","PARTIAL_RESTART","PARTIAL_RESTART",0.049482,false
89,"SCHEDULED_WINDOW_EXPIRATION",92.90720957575786,92.90720957575786,"mosaic_generated_017_t_090",90.0,false,true,false,0,false,23,12,108,0.0,"STABLE","WARM_START","WARM_START",0.0541227,false
90,"SCHEDULED_WINDOW_EXPIRATION",95.57537244278818,95.57537244278818,"mosaic_generated_018_t_095",95.0,false,false,true,0,false,20,12,106,0.27338717757681497,"MODERATE","PARTIAL_RESTART","PARTIAL_RESTART",0.0318341,false
91,"SCHEDULED_WINDOW_EXPIRATION",97.2435353098185,97.2435353098185,"mosaic_generated_018_t_095",95.0,false,true,false,0,false,20,12,106,0.0,"STABLE","WARM_START","WARM_START",0.0355617,false
92,"SCHEDULED_WINDOW_EXPIRATION",99.91169817684882,99.91169817684882,"mosaic_generated_018_t_095",95.0,false,true,false,0,false,20,12,106,0.0,"STABLE","WARM_START","WARM_START",0.0322921,false
93,"SCHEDULED_WINDOW_EXPIRATION",102.62130180001246,102.62130180001246,"mosaic_generated_019_t_100",100.0,false,false,true,0,false,24,12,104,0.27902246966650623,"MODERATE","PARTIAL_RESTART","PARTIAL_RESTART",0.0807822,false
94,"SCHEDULED_WINDOW_EXPIRATION",104.3309054231761,104.3309054231761,"mosaic_generated_019_t_100",100.0,false,true,false,0,false,24,12,104,0.0,"STABLE","WARM_START","WARM_START",0.058697,false
95,"SCHEDULED_WINDOW_EXPIRATION",106.15988297287011,106.15988297287011,"mosaic_generated_020_t_105",105.0,false,false,true,0,false,21,12,104,0.2831653882002704,"MODERATE","PARTIAL_RESTART","PARTIAL_RESTART",0.045061,false
96,"SCHEDULED_WINDOW_EXPIRATION",106.98886052256411,106.98886052256411,"mosaic_generated_020_t_105",105.0,false,true,false,0,false,21,12,104,0.0,"STABLE","WARM_START","WARM_START",0.0467251,false
97,"SCHEDULED_WINDOW_EXPIRATION",108.81783807225811,108.81783807225811,"mosaic_generated_020_t_105",105.0,false,true,false,0,false,21,12,104,0.0,"STABLE","WARM_START","WARM_START",0.0364843,false
98,"SCHEDULED_WINDOW_EXPIRATION",111.64681562195211,111.64681562195211,"mosaic_generated_021_t_110",110.0,false,false,true,0,false,22,12,108,0.27517817607541856,"MODERATE","PARTIAL_RESTART","PARTIAL_RESTART",0.0474736,false
99,"SCHEDULED_WINDOW_EXPIRATION",113.47579317164612,113.47579317164612,"mosaic_generated_021_t_110",110.0,false,true,false,0,false,22,12,108,0.0,"STABLE","WARM_START","WARM_START",0.0409723,false
100,"SCHEDULED_WINDOW_EXPIRATION",116.25413843497131,116.25413843497131,"mosaic_generated_022_t_115",115.0,false,false,true,0,false,22,12,112,0.291973936139294,"MODERATE","PARTIAL_RESTART","PARTIAL_RESTART",0.0421476,false
101,"SCHEDULED_WINDOW_EXPIRATION",118.0324836982965,118.0324836982965,"mosaic_generated_022_t_115",115.0,false,true,false,0,false,22,12,112,0.0,"STABLE","WARM_START","WARM_START",0.0497259,false
102,"SCHEDULED_WINDOW_EXPIRATION",120.48804603754049,120.48804603754049,"mosaic_generated_023_t_120",120.0,false,false,true,0,false,23,12,110,0.2945024165163755,"MODERATE","PARTIAL_RESTART","PARTIAL_RESTART",0.04749,false
103,"SCHEDULED_WINDOW_EXPIRATION",121.94360837678447,121.94360837678447,"mosaic_generated_023_t_120",120.0,false,true,false,0,false,23,12,110,0.0,"STABLE","WARM_START","WARM_START",0.0571738,false
104,"SCHEDULED_WINDOW_EXPIRATION",124.39917071602845,124.39917071602845,"mosaic_generated_023_t_120",120.0,false,true,false,0,false,23,12,110,0.0,"STABLE","WARM_START","WARM_START",0.0541985,false
105,"SCHEDULED_WINDOW_EXPIRATION",127.42235782706511,127.42235782706511,"mosaic_generated_024_t_125",125.0,false,false,true,0,false,20,12,110,0.2888448051503159,"MODERATE","PARTIAL_RESTART","PARTIAL_RESTART",0.0460785,false
106,"SCHEDULED_WINDOW_EXPIRATION",129.44554493810176,129.44554493810176,"mosaic_generated_024_t_125",125.0,false,true,false,0,false,20,12,110,0.0,"STABLE","WARM_START","WARM_START",0.0383087,false
107,"SCHEDULED_WINDOW_EXPIRATION",132.46873204913842,132.46873204913842,"mosaic_generated_025_t_130",130.0,false,false,true,0,false,24,12,112,0.29227426133120626,"MODERATE","PARTIAL_RESTART","PARTIAL_RESTART",0.0543092,false
108,"SCHEDULED_WINDOW_EXPIRATION",134.4919191601751,134.4919191601751,"mosaic_generated_025_t_130",130.0,false,true,false,0,false,24,12,112,0.0,"STABLE","WARM_START","WARM_START",0.0524022,false
109,"SCHEDULED_WINDOW_EXPIRATION",136.96984172029718,136.96984172029718,"mosaic_generated_026_t_135",135.0,false,false,true,0,false,21,12,112,0.29586585617911515,"MODERATE","PARTIAL_RESTART","PARTIAL_RESTART",0.0479463,false
110,"SCHEDULED_WINDOW_EXPIRATION",138.44776428041928,138.44776428041928,"mosaic_generated_026_t_135",135.0,false,true,false,0,false,21,12,112,0.0,"STABLE","WARM_START","WARM_START",0.0421576,false
111,"SCHEDULED_WINDOW_EXPIRATION",140.92568684054137,140.92568684054137,"mosaic_generated_027_t_140",140.0,false,false,true,0,false,22,12,110,0.2950549500034148,"MODERATE","PARTIAL_RESTART","PARTIAL_RESTART",0.0492057,false
112,"SCHEDULED_WINDOW_EXPIRATION",142.40360940066347,142.40360940066347,"mosaic_generated_027_t_140",140.0,false,true,false,0,false,22,12,110,0.0,"STABLE","WARM_START","WARM_START",0.0432305,false
113,"SCHEDULED_WINDOW_EXPIRATION",144.88153196078557,144.88153196078557,"mosaic_generated_027_t_140",140.0,false,true,false,0,false,22,12,110,0.0,"STABLE","WARM_START","WARM_START",0.0427532,false
114,"SCHEDULED_WINDOW_EXPIRATION",147.96791188367607,147.96791188367607,"mosaic_generated_028_t_145",145.0,false,false,true,0,false,22,12,110,0.28891577177176325,"MODERATE","PARTIAL_RESTART","PARTIAL_RESTART",0.0430725,false
115,"SCHEDULED_WINDOW_EXPIRATION",150.05429180656657,150.05429180656657,"mosaic_generated_029_t_150",150.0,false,false,true,0,false,23,12,108,0.28243994357350594,"MODERATE","PARTIAL_RESTART","PARTIAL_RESTART",0.049829,false
116,"SCHEDULED_WINDOW_EXPIRATION",151.14067172945707,151.14067172945707,"mosaic_generated_029_t_150",150.0,false,true,false,0,false,23,12,108,0.0,"STABLE","WARM_START","WARM_START",0.0630713,false
117,"SCHEDULED_WINDOW_EXPIRATION",153.22705165234757,153.22705165234757,"mosaic_generated_029_t_150",150.0,false,true,false,0,false,23,12,108,0.0,"STABLE","WARM_START","WARM_START",0.0574323,false
118,"SCHEDULED_WINDOW_EXPIRATION",156.29545861472212,156.29545861472212,"mosaic_generated_030_t_155",155.0,false,false,true,0,false,20,12,110,0.27302096814467747,"MODERATE","PARTIAL_RESTART","PARTIAL_RESTART",0.0447462,false
119,"SCHEDULED_WINDOW_EXPIRATION",157.85192991434886,157.85192991434886,"mosaic_generated_030_t_155",155.0,false,true,false,0,false,20,12,110,0.0,"STABLE","WARM_START","WARM_START",0.0372674,false
120,"SCHEDULED_WINDOW_EXPIRATION",159.4084012139756,159.4084012139756,"mosaic_generated_030_t_155",155.0,false,true,false,0,false,20,12,110,0.0,"STABLE","WARM_START","WARM_START",0.0328302,false
121,"SCHEDULED_WINDOW_EXPIRATION",160.96487251360233,160.96487251360233,"mosaic_generated_031_t_160",160.0,false,false,true,0,false,24,12,108,0.2811602989272664,"MODERATE","PARTIAL_RESTART","PARTIAL_RESTART",0.0614338,false
122,"SCHEDULED_WINDOW_EXPIRATION",161.52134381322907,161.52134381322907,"mosaic_generated_031_t_160",160.0,false,true,false,0,false,24,12,108,0.0,"STABLE","WARM_START","WARM_START",0.058405,false
123,"SCHEDULED_WINDOW_EXPIRATION",162.0778151128558,162.0778151128558,"mosaic_generated_031_t_160",160.0,false,true,false,0,false,24,12,108,0.0,"STABLE","WARM_START","WARM_START",0.0482633,false
124,"SCHEDULED_WINDOW_EXPIRATION",162.63428641248254,162.63428641248254,"mosaic_generated_031_t_160",160.0,false,true,false,0,false,24,12,108,0.0,"STABLE","WARM_START","WARM_START",0.05686,false
125,"SCHEDULED_WINDOW_EXPIRATION",163.19075771210927,163.19075771210927,"mosaic_generated_031_t_160",160.0,false,true,false,0,false,24,12,108,0.0,"STABLE","WARM_START","WARM_START",0.0489277,false
126,"SCHEDULED_WINDOW_EXPIRATION",163.747229011736,163.747229011736,"mosaic_generated_031_t_160",160.0,false,true,false,0,false,24,12,108,0.0,"STABLE","WARM_START","WARM_START",0.042356,false
127,"SCHEDULED_WINDOW_EXPIRATION",164.30370031136275,164.30370031136275,"mosaic_generated_031_t_160",160.0,false,true,false,0,false,24,12,108,0.0,"STABLE","WARM_START","WARM_START",0.0439247,false
128,"SCHEDULED_WINDOW_EXPIRATION",164.86017161098948,164.86017161098948,"mosaic_generated_031_t_160",160.0,false,true,false,0,false,24,12,108,0.0,"STABLE","WARM_START","WARM_START",0.047433,false
129,"SCHEDULED_WINDOW_EXPIRATION",165.41664291061622,165.41664291061622,"mosaic_generated_032_t_165",165.0,false,false,true,0,false,21,12,110,0.25,"MODERATE","PARTIAL_RESTART","PARTIAL_RESTART",0.0446699,false
130,"SCHEDULED_WINDOW_EXPIRATION",165.5140769106162,165.5140769106162,"mosaic_generated_032_t_165",165.0,false,true,false,0,false,21,12,110,0.0,"STABLE","WARM_START","WARM_START",0.0368082,false
131,"SCHEDULED_WINDOW_EXPIRATION",165.6115109106162,165.6115109106162,"mosaic_generated_032_t_165",165.0,false,true,false,0,false,21,12,110,0.0,"STABLE","WARM_START","WARM_START",0.0327187,false
132,"SCHEDULED_WINDOW_EXPIRATION",165.7089449106162,165.7089449106162,"mosaic_generated_032_t_165",165.0,false,true,false,0,false,21,12,110,0.0,"STABLE","WARM_START","WARM_START",0.0343294,false
133,"SCHEDULED_WINDOW_EXPIRATION",165.8063789106162,165.8063789106162,"mosaic_generated_032_t_165",165.0,false,true,false,0,false,21,12,110,0.0,"STABLE","WARM_START","WARM_START",0.0357951,false
134,"SCHEDULED_WINDOW_EXPIRATION",165.90381291061618,165.90381291061618,"mosaic_generated_032_t_165",165.0,false,true,false,0,false,21,12,110,0.0,"STABLE","WARM_START","WARM_START",0.0343504,false
135,"SCHEDULED_WINDOW_EXPIRATION",166.00124691061617,166.00124691061617,"mosaic_generated_032_t_165",165.0,false,true,false,0,false,21,12,110,0.0,"STABLE","WARM_START","WARM_START",0.0395231,false
136,"SCHEDULED_WINDOW_EXPIRATION",166.09868091061617,166.09868091061617,"mosaic_generated_032_t_165",165.0,false,true,false,0,false,21,12,110,0.0,"STABLE","WARM_START","WARM_START",0.0391489,false
137,"SCHEDULED_WINDOW_EXPIRATION",166.19611491061616,166.19611491061616,"mosaic_generated_032_t_165",165.0,false,true,false,0,false,21,12,110,0.0,"STABLE","WARM_START","WARM_START",0.0403651,false
138,"SCHEDULED_WINDOW_EXPIRATION",166.29354891061615,166.29354891061615,"mosaic_generated_032_t_165",165.0,false,true,false,0,false,21,12,110,0.0,"STABLE","WARM_START","WARM_START",0.0479606,false
139,"SCHEDULED_WINDOW_EXPIRATION",166.39098291061615,166.39098291061615,"mosaic_generated_032_t_165",165.0,false,true,false,0,false,21,12,110,0.0,"STABLE","WARM_START","WARM_START",0.0358903,false
140,"SCHEDULED_WINDOW_EXPIRATION",166.48894451061614,166.48894451061614,"mosaic_generated_032_t_165",165.0,false,true,false,0,false,21,12,110,0.0,"STABLE","WARM_START","WARM_START",0.0497465,false
141,"SCHEDULED_WINDOW_EXPIRATION",166.58690611061613,166.58690611061613,"mosaic_generated_032_t_165",165.0,false,true,false,0,false,21,12,110,0.0,"STABLE","WARM_START","WARM_START",0.0353318,false
142,"SCHEDULED_WINDOW_EXPIRATION",166.68665361061613,166.68665361061613,"mosaic_generated_032_t_165",165.0,false,true,false,0,false,21,12,110,0.0,"STABLE","WARM_START","WARM_START",0.0401465,false
143,"SCHEDULED_WINDOW_EXPIRATION",166.78640111061614,166.78640111061614,"mosaic_generated_032_t_165",165.0,false,true,false,0,false,21,12,110,0.0,"STABLE","WARM_START","WARM_START",0.0461667,false
144,"SCHEDULED_WINDOW_EXPIRATION",166.88614861061615,166.88614861061615,"mosaic_generated_032_t_165",165.0,false,true,false,0,false,21,12,110,0.0,"STABLE","WARM_START","WARM_START",0.0407923,false
145,"SCHEDULED_WINDOW_EXPIRATION",166.98589611061615,166.98589611061615,"mosaic_generated_032_t_165",165.0,false,true,false,0,false,21,12,110,0.0,"STABLE","WARM_START","WARM_START",0.0364648,false
146,"SCHEDULED_WINDOW_EXPIRATION",167.08564361061616,167.08564361061616,"mosaic_generated_032_t_165",165.0,false,true,false,0,false,21,12,110,0.0,"STABLE","WARM_START","WARM_START",0.0369921,false
147,"SCHEDULED_WINDOW_EXPIRATION",167.18539111061617,167.18539111061617,"mosaic_generated_032_t_165",165.0,false,true,false,0,false,21,12,110,0.0,"STABLE","WARM_START","WARM_START",0.0385381,false
148,"SCHEDULED_WINDOW_EXPIRATION",167.28513861061617,167.28513861061617,"mosaic_generated_032_t_165",165.0,false,true,false,0,false,21,12,110,0.0,"STABLE","WARM_START","WARM_START",0.0375208,false
149,"SCHEDULED_WINDOW_EXPIRATION",167.38488611061618,167.38488611061618,"mosaic_generated_032_t_165",165.0,false,true,false,0,false,21,12,110,0.0,"STABLE","WARM_START","WARM_START",0.0351658,false
150,"SCHEDULED_WINDOW_EXPIRATION",167.48463361061619,167.48463361061619,"mosaic_generated_032_t_165",165.0,false,true,false,0,false,21,12,110,0.0,"STABLE","WARM_START","WARM_START",0.0387727,false
151,"SCHEDULED_WINDOW_EXPIRATION",167.5843811106162,167.5843811106162,"mosaic_generated_032_t_165",165.0,false,true,false,0,false,21,12,110,0.0,"STABLE","WARM_START","WARM_START",0.0361764,false
152,"SCHEDULED_WINDOW_EXPIRATION",167.6841286106162,167.6841286106162,"mosaic_generated_032_t_165",165.0,false,true,false,0,false,21,12,110,0.0,"STABLE","WARM_START","WARM_START",0.0454134,false
153,"SCHEDULED_WINDOW_EXPIRATION",167.7838761106162,167.7838761106162,"mosaic_generated_032_t_165",165.0,false,true,false,0,false,21,12,110,0.0,"STABLE","WARM_START","WARM_START",0.0342185,false
154,"SCHEDULED_WINDOW_EXPIRATION",167.8836236106162,167.8836236106162,"mosaic_generated_032_t_165",165.0,false,true,false,0,false,21,12,110,0.0,"STABLE","WARM_START","WARM_START",0.0361935,false
155,"SCHEDULED_WINDOW_EXPIRATION",167.98337111061622,167.98337111061622,"mosaic_generated_032_t_165",165.0,false,true,false,0,false,21,12,110,0.0,"STABLE","WARM_START","WARM_START",0.0344099,false
156,"SCHEDULED_WINDOW_EXPIRATION",168.08311861061622,168.08311861061622,"mosaic_generated_032_t_165",165.0,false,true,false,0,false,21,12,110,0.0,"STABLE","WARM_START","WARM_START",0.0338959,false
157,"SCHEDULED_WINDOW_EXPIRATION",168.18286611061623,168.18286611061623,"mosaic_generated_032_t_165",165.0,false,true,false,0,false,21,12,110,0.0,"STABLE","WARM_START","WARM_START",0.0345773,false
158,"SCHEDULED_WINDOW_EXPIRATION",168.28261361061624,168.28261361061624,"mosaic_generated_032_t_165",165.0,false,true,false,0,false,21,12,110,0.0,"STABLE","WARM_START","WARM_START",0.0421371,false
159,"SCHEDULED_WINDOW_EXPIRATION",168.38236111061624,168.38236111061624,"mosaic_generated_032_t_165",165.0,false,true,false,0,false,21,12,110,0.0,"STABLE","WARM_START","WARM_START",0.0429917,false
160,"SCHEDULED_WINDOW_EXPIRATION",168.48210861061625,168.48210861061625,"mosaic_generated_032_t_165",165.0,false,true,false,0,false,21,12,110,0.0,"STABLE","WARM_START","WARM_START",0.0325343,false
161,"SCHEDULED_WINDOW_EXPIRATION",168.58185611061626,168.58185611061626,"mosaic_generated_032_t_165",165.0,false,true,false,0,false,21,12,110,0.0,"STABLE","WARM_START","WARM_START",0.0318933,false
162,"SCHEDULED_WINDOW_EXPIRATION",168.68160361061626,168.68160361061626,"mosaic_generated_032_t_165",165.0,false,true,false,0,false,21,12,110,0.0,"STABLE","WARM_START","WARM_START",0.039179,false
163,"SCHEDULED_WINDOW_EXPIRATION",168.78135111061627,168.78135111061627,"mosaic_generated_032_t_165",165.0,false,true,false,0,false,21,12,110,0.0,"STABLE","WARM_START","WARM_START",0.0419131,false
164,"SCHEDULED_WINDOW_EXPIRATION",168.88109861061628,168.88109861061628,"mosaic_generated_032_t_165",165.0,false,true,false,0,false,21,12,110,0.0,"STABLE","WARM_START","WARM_START",0.0398757,false
165,"SCHEDULED_WINDOW_EXPIRATION",168.98084611061628,168.98084611061628,"mosaic_generated_032_t_165",165.0,false,true,false,0,false,21,12,110,0.0,"STABLE","WARM_START","WARM_START",0.0365922,false
166,"SCHEDULED_WINDOW_EXPIRATION",169.0805936106163,169.0805936106163,"mosaic_generated_032_t_165",165.0,false,true,false,0,false,21,12,110,0.0,"STABLE","WARM_START","WARM_START",0.0494367,false
167,"SCHEDULED_WINDOW_EXPIRATION",169.1803411106163,169.1803411106163,"mosaic_generated_032_t_165",165.0,false,true,false,0,false,21,12,110,0.0,"STABLE","WARM_START","WARM_START",0.0381662,false
168,"SCHEDULED_WINDOW_EXPIRATION",169.2800886106163,169.2800886106163,"mosaic_generated_032_t_165",165.0,false,true,false,0,false,21,12,110,0.0,"STABLE","WARM_START","WARM_START",0.0390195,false
169,"SCHEDULED_WINDOW_EXPIRATION",169.3798361106163,169.3798361106163,"mosaic_generated_032_t_165",165.0,false,true,false,0,false,21,12,110,0.0,"STABLE","WARM_START","WARM_START",0.037954,false
170,"SCHEDULED_WINDOW_EXPIRATION",169.47958361061632,169.47958361061632,"mosaic_generated_032_t_165",165.0,false,true,false,0,false,21,12,110,0.0,"STABLE","WARM_START","WARM_START",0.0342746,false
171,"SCHEDULED_WINDOW_EXPIRATION",169.57933111061632,169.57933111061632,"mosaic_generated_032_t_165",165.0,false,true,false,0,false,21,12,110,0.0,"STABLE","WARM_START","WARM_START",0.0390358,false
172,"SCHEDULED_WINDOW_EXPIRATION",169.67907861061633,169.67907861061633,"mosaic_generated_032_t_165",165.0,false,true,false,0,false,21,12,110,0.0,"STABLE","WARM_START","WARM_START",0.0374533,false
173,"SCHEDULED_WINDOW_EXPIRATION",169.77882611061634,169.77882611061634,"mosaic_generated_032_t_165",165.0,false,true,false,0,false,21,12,110,0.0,"STABLE","WARM_START","WARM_START",0.039978,false
174,"SCHEDULED_WINDOW_EXPIRATION",169.87857361061634,169.87857361061634,"mosaic_generated_032_t_165",165.0,false,true,false,0,false,21,12,110,0.0,"STABLE","WARM_START","WARM_START",0.0324173,false
175,"SCHEDULED_WINDOW_EXPIRATION",169.97832111061635,169.97832111061635,"mosaic_generated_032_t_165",165.0,false,true,false,0,false,21,12,110,0.0,"STABLE","WARM_START","WARM_START",0.0515699,false
176,"SCHEDULED_WINDOW_EXPIRATION",170.07806861061636,170.07806861061636,"mosaic_generated_033_t_170",170.0,false,false,true,0,false,22,12,116,0.25,"MODERATE","PARTIAL_RESTART","PARTIAL_RESTART",0.0399098,false
177,"SCHEDULED_WINDOW_EXPIRATION",170.17963951061637,170.17963951061637,"mosaic_generated_033_t_170",170.0,false,true,false,0,false,22,12,116,0.0,"STABLE","WARM_START","WARM_START",0.0400286,false
178,"SCHEDULED_WINDOW_EXPIRATION",170.28121041061638,170.28121041061638,"mosaic_generated_033_t_170",170.0,false,true,false,0,false,22,12,116,0.0,"STABLE","WARM_START","WARM_START",0.0382157,false
179,"SCHEDULED_WINDOW_EXPIRATION",170.3827813106164,170.3827813106164,"mosaic_generated_033_t_170",170.0,false,true,false,0,false,22,12,116,0.0,"STABLE","WARM_START","WARM_START",0.0386686,false
180,"SCHEDULED_WINDOW_EXPIRATION",170.4843522106164,170.4843522106164,"mosaic_generated_033_t_170",170.0,false,true,false,0,false,22,12,116,0.0,"STABLE","WARM_START","WARM_START",0.0407303,false
181,"SCHEDULED_WINDOW_EXPIRATION",170.58592311061642,170.58592311061642,"mosaic_generated_033_t_170",170.0,false,true,false,0,false,22,12,116,0.0,"STABLE","WARM_START","WARM_START",0.0405145,false
182,"SCHEDULED_WINDOW_EXPIRATION",170.68749401061643,170.68749401061643,"mosaic_generated_033_t_170",170.0,false,true,false,0,false,22,12,116,0.0,"STABLE","WARM_START","WARM_START",0.0360459,false
183,"SCHEDULED_WINDOW_EXPIRATION",170.78906491061645,170.78906491061645,"mosaic_generated_033_t_170",170.0,false,true,false,0,false,22,12,116,0.0,"STABLE","WARM_START","WARM_START",0.0390066,false
184,"SCHEDULED_WINDOW_EXPIRATION",170.89063581061646,170.89063581061646,"mosaic_generated_033_t_170",170.0,false,true,false,0,false,22,12,116,0.0,"STABLE","WARM_START","WARM_START",0.0510213,false
185,"SCHEDULED_WINDOW_EXPIRATION",170.99220671061647,170.99220671061647,"mosaic_generated_033_t_170",170.0,false,true,false,0,false,22,12,116,0.0,"STABLE","WARM_START","WARM_START",0.0431974,false
186,"SCHEDULED_WINDOW_EXPIRATION",171.09377761061648,171.09377761061648,"mosaic_generated_033_t_170",170.0,false,true,false,0,false,22,12,116,0.0,"STABLE","WARM_START","WARM_START",0.0455297,false
187,"SCHEDULED_WINDOW_EXPIRATION",171.1953485106165,171.1953485106165,"mosaic_generated_033_t_170",170.0,false,true,false,0,false,22,12,116,0.0,"STABLE","WARM_START","WARM_START",0.0423369,false
188,"SCHEDULED_WINDOW_EXPIRATION",171.2969194106165,171.2969194106165,"mosaic_generated_033_t_170",170.0,false,true,false,0,false,22,12,116,0.0,"STABLE","WARM_START","WARM_START",0.0560205,false
189,"SCHEDULED_WINDOW_EXPIRATION",171.39849031061652,171.39849031061652,"mosaic_generated_033_t_170",170.0,false,true,false,0,false,22,12,116,0.0,"STABLE","WARM_START","WARM_START",0.049785,false
190,"SCHEDULED_WINDOW_EXPIRATION",171.50451181061652,171.50451181061652,"mosaic_generated_033_t_170",170.0,false,true,false,0,false,22,12,116,0.0,"STABLE","WARM_START","WARM_START",0.0434351,false
191,"SCHEDULED_WINDOW_EXPIRATION",171.61053331061652,171.61053331061652,"mosaic_generated_033_t_170",170.0,false,true,false,0,false,22,12,116,0.0,"STABLE","WARM_START","WARM_START",0.0432526,false
192,"SCHEDULED_WINDOW_EXPIRATION",171.71655481061651,171.71655481061651,"mosaic_generated_033_t_170",170.0,false,true,false,0,false,22,12,116,0.0,"STABLE","WARM_START","WARM_START",0.0487355,false
193,"SCHEDULED_WINDOW_EXPIRATION",171.8225763106165,171.8225763106165,"mosaic_generated_033_t_170",170.0,false,true,false,0,false,22,12,116,0.0,"STABLE","WARM_START","WARM_START",0.0351089,false
194,"SCHEDULED_WINDOW_EXPIRATION",171.9285978106165,171.9285978106165,"mosaic_generated_033_t_170",170.0,false,true,false,0,false,22,12,116,0.0,"STABLE","WARM_START","WARM_START",0.0451766,false
195,"SCHEDULED_WINDOW_EXPIRATION",172.0346193106165,172.0346193106165,"mosaic_generated_033_t_170",170.0,false,true,false,0,false,22,12,116,0.0,"STABLE","WARM_START","WARM_START",0.037858,false
196,"SCHEDULED_WINDOW_EXPIRATION",172.1406408106165,172.1406408106165,"mosaic_generated_033_t_170",170.0,false,true,false,0,false,22,12,116,0.0,"STABLE","WARM_START","WARM_START",0.0452495,false
197,"SCHEDULED_WINDOW_EXPIRATION",172.2466623106165,172.2466623106165,"mosaic_generated_033_t_170",170.0,false,true,false,0,false,22,12,116,0.0,"STABLE","WARM_START","WARM_START",0.0367989,false
198,"SCHEDULED_WINDOW_EXPIRATION",172.3526838106165,172.3526838106165,"mosaic_generated_033_t_170",170.0,false,true,false,0,false,22,12,116,0.0,"STABLE","WARM_START","WARM_START",0.0428748,false
199,"SCHEDULED_WINDOW_EXPIRATION",172.4587053106165,172.4587053106165,"mosaic_generated_033_t_170",170.0,false,true,false,0,false,22,12,116,0.0,"STABLE","WARM_START","WARM_START",0.038102,false
200,"SCHEDULED_WINDOW_EXPIRATION",172.5647268106165,172.5647268106165,"mosaic_generated_033_t_170",170.0,false,true,false,0,false,22,12,116,0.0,"STABLE","WARM_START","WARM_START",0.0398176,false
201,"SCHEDULED_WINDOW_EXPIRATION",172.6707483106165,172.6707483106165,"mosaic_generated_033_t_170",170.0,false,true,false,0,false,22,12,116,0.0,"STABLE","WARM_START","WARM_START",0.0403909,false
202,"SCHEDULED_WINDOW_EXPIRATION",172.77676981061649,172.77676981061649,"mosaic_generated_033_t_170",170.0,false,true,false,0,false,22,12,116,0.0,"STABLE","WARM_START","WARM_START",0.0404385,false
203,"SCHEDULED_WINDOW_EXPIRATION",172.88279131061648,172.88279131061648,"mosaic_generated_033_t_170",170.0,false,true,false,0,false,22,12,116,0.0,"STABLE","WARM_START","WARM_START",0.0356788,false
204,"SCHEDULED_WINDOW_EXPIRATION",172.98881281061648,172.98881281061648,"mosaic_generated_033_t_170",170.0,false,true,false,0,false,22,12,116,0.0,"STABLE","WARM_START","WARM_START",0.0358172,false
205,"SCHEDULED_WINDOW_EXPIRATION",173.09483431061648,173.09483431061648,"mosaic_generated_033_t_170",170.0,false,true,false,0,false,22,12,116,0.0,"STABLE","WARM_START","WARM_START",0.0372954,false
206,"SCHEDULED_WINDOW_EXPIRATION",173.20085581061647,173.20085581061647,"mosaic_generated_033_t_170",170.0,false,true,false,0,false,22,12,116,0.0,"STABLE","WARM_START","WARM_START",0.0428294,false
207,"SCHEDULED_WINDOW_EXPIRATION",173.30687731061647,173.30687731061647,"mosaic_generated_033_t_170",170.0,false,true,false,0,false,22,12,116,0.0,"STABLE","WARM_START","WARM_START",0.0433615,false
208,"SCHEDULED_WINDOW_EXPIRATION",173.41289881061647,173.41289881061647,"mosaic_generated_033_t_170",170.0,false,true,false,0,false,22,12,116,0.0,"STABLE","WARM_START","WARM_START",0.0442381,false
209,"SCHEDULED_WINDOW_EXPIRATION",173.51892031061647,173.51892031061647,"mosaic_generated_033_t_170",170.0,false,true,false,0,false,22,12,116,0.0,"STABLE","WARM_START","WARM_START",0.0531278,false
210,"SCHEDULED_WINDOW_EXPIRATION",173.62494181061646,173.62494181061646,"mosaic_generated_033_t_170",170.0,false,true,false,0,false,22,12,116,0.0,"STABLE","WARM_START","WARM_START",0.0491524,false
211,"SCHEDULED_WINDOW_EXPIRATION",173.73096331061646,173.73096331061646,"mosaic_generated_033_t_170",170.0,false,true,false,0,false,22,12,116,0.0,"STABLE","WARM_START","WARM_START",0.0490059,false
212,"SCHEDULED_WINDOW_EXPIRATION",173.83698481061646,173.83698481061646,"mosaic_generated_033_t_170",170.0,false,true,false,0,false,22,12,116,0.0,"STABLE","WARM_START","WARM_START",0.045643,false
213,"SCHEDULED_WINDOW_EXPIRATION",173.94300631061645,173.94300631061645,"mosaic_generated_033_t_170",170.0,false,true,false,0,false,22,12,116,0.0,"STABLE","WARM_START","WARM_START",0.0532534,false
214,"SCHEDULED_WINDOW_EXPIRATION",174.04902781061645,174.04902781061645,"mosaic_generated_033_t_170",170.0,false,true,false,0,false,22,12,116,0.0,"STABLE","WARM_START","WARM_START",0.041519,false
215,"SCHEDULED_WINDOW_EXPIRATION",174.15504931061645,174.15504931061645,"mosaic_generated_033_t_170",170.0,false,true,false,0,false,22,12,116,0.0,"STABLE","WARM_START","WARM_START",0.0389573,false
216,"SCHEDULED_WINDOW_EXPIRATION",174.26107081061645,174.26107081061645,"mosaic_generated_033_t_170",170.0,false,true,false,0,false,22,12,116,0.0,"STABLE","WARM_START","WARM_START",0.0371801,false
217,"SCHEDULED_WINDOW_EXPIRATION",174.36709231061644,174.36709231061644,"mosaic_generated_033_t_170",170.0,false,true,false,0,false,22,12,116,0.0,"STABLE","WARM_START","WARM_START",0.0453033,false
218,"SCHEDULED_WINDOW_EXPIRATION",174.47311381061644,174.47311381061644,"mosaic_generated_033_t_170",170.0,false,true,false,0,false,22,12,116,0.0,"STABLE","WARM_START","WARM_START",0.0438964,false
219,"SCHEDULED_WINDOW_EXPIRATION",174.57913531061644,174.57913531061644,"mosaic_generated_033_t_170",170.0,false,true,false,0,false,22,12,116,0.0,"STABLE","WARM_START","WARM_START",0.0391737,false
220,"SCHEDULED_WINDOW_EXPIRATION",174.68515681061643,174.68515681061643,"mosaic_generated_033_t_170",170.0,false,true,false,0,false,22,12,116,0.0,"STABLE","WARM_START","WARM_START",0.0423045,false
221,"SCHEDULED_WINDOW_EXPIRATION",174.79117831061643,174.79117831061643,"mosaic_generated_033_t_170",170.0,false,true,false,0,false,22,12,116,0.0,"STABLE","WARM_START","WARM_START",0.0396998,false
222,"SCHEDULED_WINDOW_EXPIRATION",174.89719981061643,174.89719981061643,"mosaic_generated_033_t_170",170.0,false,true,false,0,false,22,12,116,0.0,"STABLE","WARM_START","WARM_START",0.0402964,false
223,"SCHEDULED_WINDOW_EXPIRATION",175.00322131061642,175.00322131061642,"mosaic_generated_034_t_175",175.0,false,false,true,0,false,22,12,118,0.25,"MODERATE","PARTIAL_RESTART","PARTIAL_RESTART",0.0484204,false
224,"SCHEDULED_WINDOW_EXPIRATION",175.09351871061642,175.09351871061642,"mosaic_generated_034_t_175",175.0,false,true,false,0,false,22,12,118,0.0,"STABLE","WARM_START","WARM_START",0.0380256,false
225,"SCHEDULED_WINDOW_EXPIRATION",175.19194011061643,175.19194011061643,"mosaic_generated_034_t_175",175.0,false,true,false,0,false,22,12,118,0.0,"STABLE","WARM_START","WARM_START",0.0473184,false
226,"SCHEDULED_WINDOW_EXPIRATION",175.29036151061644,175.29036151061644,"mosaic_generated_034_t_175",175.0,false,true,false,0,false,22,12,118,0.0,"STABLE","WARM_START","WARM_START",0.0452418,false
227,"SCHEDULED_WINDOW_EXPIRATION",175.38878291061644,175.38878291061644,"mosaic_generated_034_t_175",175.0,false,true,false,0,false,22,12,118,0.0,"STABLE","WARM_START","WARM_START",0.0436554,false
228,"SCHEDULED_WINDOW_EXPIRATION",175.48720431061645,175.48720431061645,"mosaic_generated_034_t_175",175.0,false,true,false,0,false,22,12,118,0.0,"STABLE","WARM_START","WARM_START",0.0409238,false
229,"SCHEDULED_WINDOW_EXPIRATION",175.58562571061645,175.58562571061645,"mosaic_generated_034_t_175",175.0,false,true,false,0,false,22,12,118,0.0,"STABLE","WARM_START","WARM_START",0.0358727,false
230,"SCHEDULED_WINDOW_EXPIRATION",175.68404711061646,175.68404711061646,"mosaic_generated_034_t_175",175.0,false,true,false,0,false,22,12,118,0.0,"STABLE","WARM_START","WARM_START",0.0489067,false
231,"SCHEDULED_WINDOW_EXPIRATION",175.78246851061647,175.78246851061647,"mosaic_generated_034_t_175",175.0,false,true,false,0,false,22,12,118,0.0,"STABLE","WARM_START","WARM_START",0.0512561,false
232,"SCHEDULED_WINDOW_EXPIRATION",175.88137621061648,175.88137621061648,"mosaic_generated_034_t_175",175.0,false,true,false,0,false,22,12,118,0.0,"STABLE","WARM_START","WARM_START",0.0400776,false
233,"SCHEDULED_WINDOW_EXPIRATION",175.98263331061648,175.98263331061648,"mosaic_generated_034_t_175",175.0,false,true,false,0,false,22,12,118,0.0,"STABLE","WARM_START","WARM_START",0.0477283,false
234,"SCHEDULED_WINDOW_EXPIRATION",176.08389041061648,176.08389041061648,"mosaic_generated_034_t_175",175.0,false,true,false,0,false,22,12,118,0.0,"STABLE","WARM_START","WARM_START",0.0437509,false
235,"SCHEDULED_WINDOW_EXPIRATION",176.18514751061647,176.18514751061647,"mosaic_generated_034_t_175",175.0,false,true,false,0,false,22,12,118,0.0,"STABLE","WARM_START","WARM_START",0.0433283,false
236,"SCHEDULED_WINDOW_EXPIRATION",176.28640461061647,176.28640461061647,"mosaic_generated_034_t_175",175.0,false,true,false,0,false,22,12,118,0.0,"STABLE","WARM_START","WARM_START",0.0362718,false
237,"SCHEDULED_WINDOW_EXPIRATION",176.38766171061647,176.38766171061647,"mosaic_generated_034_t_175",175.0,false,true,false,0,false,22,12,118,0.0,"STABLE","WARM_START","WARM_START",0.041208,false
238,"SCHEDULED_WINDOW_EXPIRATION",176.48891881061647,176.48891881061647,"mosaic_generated_034_t_175",175.0,false,true,false,0,false,22,12,118,0.0,"STABLE","WARM_START","WARM_START",0.0430357,false
239,"SCHEDULED_WINDOW_EXPIRATION",176.59017591061647,176.59017591061647,"mosaic_generated_034_t_175",175.0,false,true,false,0,false,22,12,118,0.0,"STABLE","WARM_START","WARM_START",0.0506364,false
240,"SCHEDULED_WINDOW_EXPIRATION",176.69143301061646,176.69143301061646,"mosaic_generated_034_t_175",175.0,false,true,false,0,false,22,12,118,0.0,"STABLE","WARM_START","WARM_START",0.0379547,false
241,"SCHEDULED_WINDOW_EXPIRATION",176.79269011061646,176.79269011061646,"mosaic_generated_034_t_175",175.0,false,true,false,0,false,22,12,118,0.0,"STABLE","WARM_START","WARM_START",0.0392445,false
242,"SCHEDULED_WINDOW_EXPIRATION",176.89394721061646,176.89394721061646,"mosaic_generated_034_t_175",175.0,false,true,false,0,false,22,12,118,0.0,"STABLE","WARM_START","WARM_START",0.0385673,false
243,"SCHEDULED_WINDOW_EXPIRATION",176.99520431061646,176.99520431061646,"mosaic_generated_034_t_175",175.0,false,true,false,0,false,22,12,118,0.0,"STABLE","WARM_START","WARM_START",0.0390401,false
244,"SCHEDULED_WINDOW_EXPIRATION",177.09646141061646,177.09646141061646,"mosaic_generated_034_t_175",175.0,false,true,false,0,false,22,12,118,0.0,"STABLE","WARM_START","WARM_START",0.04011,false
245,"SCHEDULED_WINDOW_EXPIRATION",177.19771851061645,177.19771851061645,"mosaic_generated_034_t_175",175.0,false,true,false,0,false,22,12,118,0.0,"STABLE","WARM_START","WARM_START",0.0451098,false
246,"SCHEDULED_WINDOW_EXPIRATION",177.29897561061645,177.29897561061645,"mosaic_generated_034_t_175",175.0,false,true,false,0,false,22,12,118,0.0,"STABLE","WARM_START","WARM_START",0.0402834,false
247,"SCHEDULED_WINDOW_EXPIRATION",177.40023271061645,177.40023271061645,"mosaic_generated_034_t_175",175.0,false,true,false,0,false,22,12,118,0.0,"STABLE","WARM_START","WARM_START",0.044565,false
248,"SCHEDULED_WINDOW_EXPIRATION",177.50148981061645,177.50148981061645,"mosaic_generated_034_t_175",175.0,false,true,false,0,false,22,12,118,0.0,"STABLE","WARM_START","WARM_START",0.0416361,false
249,"SCHEDULED_WINDOW_EXPIRATION",177.60274691061645,177.60274691061645,"mosaic_generated_034_t_175",175.0,false,true,false,0,false,22,12,118,0.0,"STABLE","WARM_START","WARM_START",0.0448052,false
250,"SCHEDULED_WINDOW_EXPIRATION",177.70400401061644,177.70400401061644,"mosaic_generated_034_t_175",175.0,false,true,false,0,false,22,12,118,0.0,"STABLE","WARM_START","WARM_START",0.0427941,false
251,"SCHEDULED_WINDOW_EXPIRATION",177.80526111061644,177.80526111061644,"mosaic_generated_034_t_175",175.0,false,true,false,0,false,22,12,118,0.0,"STABLE","WARM_START","WARM_START",0.0453101,false
252,"SCHEDULED_WINDOW_EXPIRATION",177.90651821061644,177.90651821061644,"mosaic_generated_034_t_175",175.0,false,true,false,0,false,22,12,118,0.0,"STABLE","WARM_START","WARM_START",0.0581704,false
253,"SCHEDULED_WINDOW_EXPIRATION",178.00777531061644,178.00777531061644,"mosaic_generated_034_t_175",175.0,false,true,false,0,false,22,12,118,0.0,"STABLE","WARM_START","WARM_START",0.0440584,false
254,"SCHEDULED_WINDOW_EXPIRATION",178.11594671061644,178.11594671061644,"mosaic_generated_034_t_175",175.0,false,true,false,0,false,22,12,118,0.0,"STABLE","WARM_START","WARM_START",0.0434711,false
255,"SCHEDULED_WINDOW_EXPIRATION",178.22411811061644,178.22411811061644,"mosaic_generated_034_t_175",175.0,false,true,false,0,false,22,12,118,0.0,"STABLE","WARM_START","WARM_START",0.0435375,false
256,"SCHEDULED_WINDOW_EXPIRATION",178.33228951061645,178.33228951061645,"mosaic_generated_034_t_175",175.0,false,true,false,0,false,22,12,118,0.0,"STABLE","WARM_START","WARM_START",0.0515817,false
257,"SCHEDULED_WINDOW_EXPIRATION",178.44046091061645,178.44046091061645,"mosaic_generated_034_t_175",175.0,false,true,false,0,false,22,12,118,0.0,"STABLE","WARM_START","WARM_START",0.036927,false
258,"SCHEDULED_WINDOW_EXPIRATION",178.54863231061645,178.54863231061645,"mosaic_generated_034_t_175",175.0,false,true,false,0,false,22,12,118,0.0,"STABLE","WARM_START","WARM_START",0.0446157,false
259,"SCHEDULED_WINDOW_EXPIRATION",178.65680371061646,178.65680371061646,"mosaic_generated_034_t_175",175.0,false,true,false,0,false,22,12,118,0.0,"STABLE","WARM_START","WARM_START",0.0446901,false
260,"SCHEDULED_WINDOW_EXPIRATION",178.76497511061646,178.76497511061646,"mosaic_generated_034_t_175",175.0,false,true,false,0,false,22,12,118,0.0,"STABLE","WARM_START","WARM_START",0.0411277,false
261,"SCHEDULED_WINDOW_EXPIRATION",178.87314651061646,178.87314651061646,"mosaic_generated_034_t_175",175.0,false,true,false,0,false,22,12,118,0.0,"STABLE","WARM_START","WARM_START",0.0367762,false
262,"SCHEDULED_WINDOW_EXPIRATION",178.98131791061647,178.98131791061647,"mosaic_generated_034_t_175",175.0,false,true,false,0,false,22,12,118,0.0,"STABLE","WARM_START","WARM_START",0.0388482,false
263,"SCHEDULED_WINDOW_EXPIRATION",179.08948931061647,179.08948931061647,"mosaic_generated_034_t_175",175.0,false,true,false,0,false,22,12,118,0.0,"STABLE","WARM_START","WARM_START",0.0368893,false
264,"SCHEDULED_WINDOW_EXPIRATION",179.19766071061647,179.19766071061647,"mosaic_generated_034_t_175",175.0,false,true,false,0,false,22,12,118,0.0,"STABLE","WARM_START","WARM_START",0.0372228,false
265,"SCHEDULED_WINDOW_EXPIRATION",179.30583211061648,179.30583211061648,"mosaic_generated_034_t_175",175.0,false,true,false,0,false,22,12,118,0.0,"STABLE","WARM_START","WARM_START",0.0505418,false
266,"SCHEDULED_WINDOW_EXPIRATION",179.41400351061648,179.41400351061648,"mosaic_generated_034_t_175",175.0,false,true,false,0,false,22,12,118,0.0,"STABLE","WARM_START","WARM_START",0.0422658,false
267,"SCHEDULED_WINDOW_EXPIRATION",179.52217491061649,179.52217491061649,"mosaic_generated_034_t_175",175.0,false,true,false,0,false,22,12,118,0.0,"STABLE","WARM_START","WARM_START",0.0374573,false
268,"SCHEDULED_WINDOW_EXPIRATION",179.6303463106165,179.6303463106165,"mosaic_generated_034_t_175",175.0,false,true,false,0,false,22,12,118,0.0,"STABLE","WARM_START","WARM_START",0.040064,false
269,"SCHEDULED_WINDOW_EXPIRATION",179.7385177106165,179.7385177106165,"mosaic_generated_034_t_175",175.0,false,true,false,0,false,22,12,118,0.0,"STABLE","WARM_START","WARM_START",0.0444973,false
270,"SCHEDULED_WINDOW_EXPIRATION",179.8466891106165,179.8466891106165,"mosaic_generated_034_t_175",175.0,false,true,false,0,false,22,12,118,0.0,"STABLE","WARM_START","WARM_START",0.0427107,false
271,"SCHEDULED_WINDOW_EXPIRATION",179.9548605106165,179.9548605106165,"mosaic_generated_034_t_175",175.0,false,true,false,0,false,22,12,118,0.0,"STABLE","WARM_START","WARM_START",0.0487282,false
272,"SCHEDULED_WINDOW_EXPIRATION",180.0630319106165,180.0630319106165,"mosaic_generated_035_t_180",180.0,false,false,true,0,false,23,12,12,0.375,"MODERATE","PARTIAL_RESTART","PARTIAL_RESTART",0.0262847,true
