"Category","RelativePath","ItemType","FileCount","SizeBytes","SizeMiB","AggregateSHA256","Action","Reason"
"TEMPORARY_TOOLS_ZIP","tools\intas-literature-scenario.zip","FILE","1","49590","0,047","DA3AFCD66EFC93BC84338B1DC5F86210A293A976006CEBC64783C5C58C4AC02E","DELETE_CONFIRMED_SAFE_LOCAL_ARTIFACT","ZIP temporaneo non tracciato. Il checkpoint funzionale è pubblicato."
"TEMPORARY_TOOLS_ZIP","tools\mosaic-live-maga-runtime.zip","FILE","1","5605012","5,345","A98C8845E1E31149C87766FC8980B4B0D166074965CD3292670581947C99E12E","DELETE_CONFIRMED_SAFE_LOCAL_ARTIFACT","ZIP temporaneo non tracciato. Il checkpoint funzionale è pubblicato."
"EMPTY_REGENERABLE_STAGING","tmp\intas-literature-materialization-staging","DIRECTORY","0","0","0","e3b0c44298fc1c149afbf4c8996fb92427ae41e4649b934ca495991b7852b855","DELETE_CONFIRMED_SAFE_LOCAL_ARTIFACT","Directory di staging vuota e rigenerabile."
"REPETITIVE_CALIBRATION_LOG","tmp\phase14c43-nominal-smoke-seed-130363.log","FILE","1","6680","0,006","4E7121ABD3ACBC4A0FF710B1DA4A55ED5D07F5DF1A10E94BE5A28675A8180FB2","DELETE_CONFIRMED_SAFE_LOCAL_ARTIFACT","Log ripetitivo già rappresentato dai CSV sintetici archiviati."
"REPETITIVE_CALIBRATION_LOG","tmp\phase14c43-nominal-smoke-seed-130363.stderr.log","FILE","1","0","0","E3B0C44298FC1C149AFBF4C8996FB92427AE41E4649B934CA495991B7852B855","DELETE_CONFIRMED_SAFE_LOCAL_ARTIFACT","Log ripetitivo già rappresentato dai CSV sintetici archiviati."
"REPETITIVE_CALIBRATION_LOG","tmp\phase14c43-nominal-smoke-seed-130363.stdout.log","FILE","1","53","0","E650CDB8EB49B83455AAEC2616A76BA9D7E73B282664F28F67C1BB602F11706E","DELETE_CONFIRMED_SAFE_LOCAL_ARTIFACT","Log ripetitivo già rappresentato dai CSV sintetici archiviati."
"REPETITIVE_CALIBRATION_LOG","tmp\phase14c43-nominal-smoke-seed-155921.log","FILE","1","123352","0,118","9A6403ABFD03FEECA7800A003F029764C958A73C246C575E7542CD07E90094E3","DELETE_CONFIRMED_SAFE_LOCAL_ARTIFACT","Log ripetitivo già rappresentato dai CSV sintetici archiviati."
"REPETITIVE_CALIBRATION_LOG","tmp\phase14c43-nominal-smoke-seed-181081.log","FILE","1","123574","0,118","DF1789B73A2EB5DBE86A3303259AF7CBEF213A87CBF5BFE561CF392CAAF7AE70","DELETE_CONFIRMED_SAFE_LOCAL_ARTIFACT","Log ripetitivo già rappresentato dai CSV sintetici archiviati."
"REPETITIVE_CALIBRATION_LOG","tmp\phase14c43-nominal-smoke-seed-207547.log","FILE","1","123352","0,118","717DFE3F772CE8D50A8656E559243D67778EBF9F1C1FB8F2D62253FA7B37627A","DELETE_CONFIRMED_SAFE_LOCAL_ARTIFACT","Log ripetitivo già rappresentato dai CSV sintetici archiviati."
"REPETITIVE_CALIBRATION_LOG","tmp\phase14c44-high_density-smoke-seed-104729.log","FILE","1","132218","0,126","B74E2CD576621EFDAFD91550B04EF02BF76F6BD5D29A87D8067103168C1972D8","DELETE_CONFIRMED_SAFE_LOCAL_ARTIFACT","Log ripetitivo già rappresentato dai CSV sintetici archiviati."
"REPETITIVE_CALIBRATION_LOG","tmp\phase14c44-high_density-smoke-seed-130363.log","FILE","1","132054","0,126","35181A677E1024FE6A974F2E3B9C1C36E992280A0801A48B88CD4EA5EC03A145","DELETE_CONFIRMED_SAFE_LOCAL_ARTIFACT","Log ripetitivo già rappresentato dai CSV sintetici archiviati."
"REPETITIVE_CALIBRATION_LOG","tmp\phase14c44-high_density-smoke-seed-155921.log","FILE","1","131842","0,126","613EE3016EA956CEC6456373D3370B987808447690E87F59E7AAD6B5EE75EC1D","DELETE_CONFIRMED_SAFE_LOCAL_ARTIFACT","Log ripetitivo già rappresentato dai CSV sintetici archiviati."
"REPETITIVE_CALIBRATION_LOG","tmp\phase14c44-high_density-smoke-seed-181081.log","FILE","1","132282","0,126","312EE9901B199C082EF760710358C67B4C4317EEBA172149AB788C5E783A3E50","DELETE_CONFIRMED_SAFE_LOCAL_ARTIFACT","Log ripetitivo già rappresentato dai CSV sintetici archiviati."
"REPETITIVE_CALIBRATION_LOG","tmp\phase14c44-high_density-smoke-seed-207547.log","FILE","1","132080","0,126","7D223082C916E5CC56D466C33609427972E655958F59FB9E5D78410E263D49F4","DELETE_CONFIRMED_SAFE_LOCAL_ARTIFACT","Log ripetitivo già rappresentato dai CSV sintetici archiviati."
"REPETITIVE_CALIBRATION_LOG","tmp\phase14c44-low_density-smoke-seed-104729.log","FILE","1","117666","0,112","CAE57D2A3C5D1085923A694F0ECE6BB64C5315E7CB757678221CA6BED786904A","DELETE_CONFIRMED_SAFE_LOCAL_ARTIFACT","Log ripetitivo già rappresentato dai CSV sintetici archiviati."
"REPETITIVE_CALIBRATION_LOG","tmp\phase14c44-low_density-smoke-seed-130363.log","FILE","1","117688","0,112","81511C364FAD8C76379166DB34D44FA2A42140589D1E8DF07C1B48B2BD65AB28","DELETE_CONFIRMED_SAFE_LOCAL_ARTIFACT","Log ripetitivo già rappresentato dai CSV sintetici archiviati."
"REPETITIVE_CALIBRATION_LOG","tmp\phase14c44-low_density-smoke-seed-155921.log","FILE","1","117682","0,112","3A6533322A2714F4BFB5983F5039DD9BDCFC02528727B0FA11D9F388B1F9EB51","DELETE_CONFIRMED_SAFE_LOCAL_ARTIFACT","Log ripetitivo già rappresentato dai CSV sintetici archiviati."
"REPETITIVE_CALIBRATION_LOG","tmp\phase14c44-low_density-smoke-seed-181081.log","FILE","1","118122","0,113","B26A85D5CD13EDEE62101A75766FB02EB96BD11546970734A29EF28CF756A251","DELETE_CONFIRMED_SAFE_LOCAL_ARTIFACT","Log ripetitivo già rappresentato dai CSV sintetici archiviati."
"REPETITIVE_CALIBRATION_LOG","tmp\phase14c44-low_density-smoke-seed-207547.log","FILE","1","118118","0,113","C8FE936200768F99767E5D0910A51BE88995FA6D643486869761CF480B3CE77C","DELETE_CONFIRMED_SAFE_LOCAL_ARTIFACT","Log ripetitivo già rappresentato dai CSV sintetici archiviati."
"REPETITIVE_CALIBRATION_LOG","tmp\phase14c45-nominal-nominal-seed-104729.log","FILE","1","304082","0,29","BE7C5E95EB077A88FE731FF13517723CB7FA14E5B0361A336FB82A1FFD96F6F6","DELETE_CONFIRMED_SAFE_LOCAL_ARTIFACT","Log ripetitivo già rappresentato dai CSV sintetici archiviati."
"REPETITIVE_CALIBRATION_LOG","tmp\phase14c46-nominal-smoke-seed-104729.log","FILE","1","123764","0,118","AB46894AD082EC45FAA745899E9E288EA3D7C89BC282E57A82BE290AAB98ACC8","DELETE_CONFIRMED_SAFE_LOCAL_ARTIFACT","Log ripetitivo già rappresentato dai CSV sintetici archiviati."
"REPETITIVE_CALIBRATION_LOG","tmp\phase14c47-nominal-nominal-seed-104729.log","FILE","1","135008","0,129","765807AA6FBF2EE6CF241E260EC11838263DE41BFF5AFDC41887A79DC87554C5","DELETE_CONFIRMED_SAFE_LOCAL_ARTIFACT","Log ripetitivo già rappresentato dai CSV sintetici archiviati."
"OBSOLETE_DIAGNOSTIC_CLASS_OUTPUT","tmp\mosaic-25.2\tools\maga-workload-diagnostic\out","DIRECTORY","2","5948","0,006","dc7e5d6bda6129eff73224e10daed8dd4d753d2da8642988aed49437497e16a0","DELETE_CONFIRMED_SAFE_LOCAL_ARTIFACT","Vecchi file .class diagnostici senza dipendenze operative attive."
