"RunDirectory","SourcePath","DestinationPath","SizeBytes","SizeMiB","SHA256","SourceStillPresent","DestinationVerified"
"log-20260605-112645-MaGaLiveInfrastructureSnapshotStudy","tmp\mosaic-25.2\logs\log-20260605-112645-MaGaLiveInfrastructureSnapshotStudy\live-infrastructure-snapshot\live_snapshot_manifest.csv","tmp\archive\freeze-local-evidence-20260609\mosaic-log-lightweight-evidence\log-20260605-112645-MaGaLiveInfrastructureSnapshotStudy\live-infrastructure-snapshot\live_snapshot_manifest.csv","0","0","E3B0C44298FC1C149AFBF4C8996FB92427AE41E4649B934CA495991B7852B855","True","True"
"log-20260605-112719-MaGaLiveInfrastructureSnapshotStudy","tmp\mosaic-25.2\logs\log-20260605-112719-MaGaLiveInfrastructureSnapshotStudy\live-infrastructure-snapshot\live_snapshot_manifest.csv","tmp\archive\freeze-local-evidence-20260609\mosaic-log-lightweight-evidence\log-20260605-112719-MaGaLiveInfrastructureSnapshotStudy\live-infrastructure-snapshot\live_snapshot_manifest.csv","0","0","E3B0C44298FC1C149AFBF4C8996FB92427AE41E4649B934CA495991B7852B855","True","True"
"log-20260605-112806-MaGaLiveInfrastructureSnapshotStudy","tmp\mosaic-25.2\logs\log-20260605-112806-MaGaLiveInfrastructureSnapshotStudy\live-infrastructure-snapshot\live_snapshot_manifest.csv","tmp\archive\freeze-local-evidence-20260609\mosaic-log-lightweight-evidence\log-20260605-112806-MaGaLiveInfrastructureSnapshotStudy\live-infrastructure-snapshot\live_snapshot_manifest.csv","0","0","E3B0C44298FC1C149AFBF4C8996FB92427AE41E4649B934CA495991B7852B855","True","True"
"log-20260605-112916-MaGaLiveInfrastructureSnapshotStudy","tmp\mosaic-25.2\logs\log-20260605-112916-MaGaLiveInfrastructureSnapshotStudy\live-infrastructure-snapshot\live_snapshot_manifest.csv","tmp\archive\freeze-local-evidence-20260609\mosaic-log-lightweight-evidence\log-20260605-112916-MaGaLiveInfrastructureSnapshotStudy\live-infrastructure-snapshot\live_snapshot_manifest.csv","5139","0,005","8D1B3BFC64F71A978A1411036C96800844A05533C54042C2DDEBEBF6AB6518CA","True","True"
"log-20260605-113036-MaGaLiveInfrastructureSnapshotStudy","tmp\mosaic-25.2\logs\log-20260605-113036-MaGaLiveInfrastructureSnapshotStudy\live-infrastructure-snapshot\live_snapshot_manifest.csv","tmp\archive\freeze-local-evidence-20260609\mosaic-log-lightweight-evidence\log-20260605-113036-MaGaLiveInfrastructureSnapshotStudy\live-infrastructure-snapshot\live_snapshot_manifest.csv","5273","0,005","90E47F1EC640422F054464E9AFCE03E9806321C2113794D0E567DA28CF3B6911","True","True"
"log-20260606-105058-MaGaLiveMagaRuntimeStudy","tmp\mosaic-25.2\logs\log-20260606-105058-MaGaLiveMagaRuntimeStudy\live-maga-runtime\live_published_snapshot_manifest.csv","tmp\archive\freeze-local-evidence-20260609\mosaic-log-lightweight-evidence\log-20260606-105058-MaGaLiveMagaRuntimeStudy\live-maga-runtime\live_published_snapshot_manifest.csv","11819","0,011","580DDD5BB599D5BDBD4DF81037332F6D9BEBC8C09C9AED944791D8B97A33C997","True","True"
"log-20260606-105113-MaGaLiveMagaRuntimeStudy","tmp\mosaic-25.2\logs\log-20260606-105113-MaGaLiveMagaRuntimeStudy\live-maga-runtime\live_published_snapshot_manifest.csv","tmp\archive\freeze-local-evidence-20260609\mosaic-log-lightweight-evidence\log-20260606-105113-MaGaLiveMagaRuntimeStudy\live-maga-runtime\live_published_snapshot_manifest.csv","12203","0,012","13360DEA94BA361CAEAC229A5662F9A83FAA5E8515A4D329AD3B88CD9C6684F0","True","True"
"log-20260606-105353-MaGaLiveMagaRuntimeStudy","tmp\mosaic-25.2\logs\log-20260606-105353-MaGaLiveMagaRuntimeStudy\live-maga-runtime\live_published_snapshot_manifest.csv","tmp\archive\freeze-local-evidence-20260609\mosaic-log-lightweight-evidence\log-20260606-105353-MaGaLiveMagaRuntimeStudy\live-maga-runtime\live_published_snapshot_manifest.csv","11819","0,011","580DDD5BB599D5BDBD4DF81037332F6D9BEBC8C09C9AED944791D8B97A33C997","True","True"
"log-20260606-105409-MaGaLiveMagaRuntimeStudy","tmp\mosaic-25.2\logs\log-20260606-105409-MaGaLiveMagaRuntimeStudy\live-maga-runtime\live_published_snapshot_manifest.csv","tmp\archive\freeze-local-evidence-20260609\mosaic-log-lightweight-evidence\log-20260606-105409-MaGaLiveMagaRuntimeStudy\live-maga-runtime\live_published_snapshot_manifest.csv","12203","0,012","13360DEA94BA361CAEAC229A5662F9A83FAA5E8515A4D329AD3B88CD9C6684F0","True","True"
"log-20260606-113605-MaGaLiveMagaRuntimeStudy","tmp\mosaic-25.2\logs\log-20260606-113605-MaGaLiveMagaRuntimeStudy\live-maga-runtime\live_published_snapshot_manifest.csv","tmp\archive\freeze-local-evidence-20260609\mosaic-log-lightweight-evidence\log-20260606-113605-MaGaLiveMagaRuntimeStudy\live-maga-runtime\live_published_snapshot_manifest.csv","11819","0,011","580DDD5BB599D5BDBD4DF81037332F6D9BEBC8C09C9AED944791D8B97A33C997","True","True"
"log-20260606-122434-MaGaLiveMagaRuntimeStudy","tmp\mosaic-25.2\logs\log-20260606-122434-MaGaLiveMagaRuntimeStudy\live-maga-runtime\live_published_snapshot_manifest.csv","tmp\archive\freeze-local-evidence-20260609\mosaic-log-lightweight-evidence\log-20260606-122434-MaGaLiveMagaRuntimeStudy\live-maga-runtime\live_published_snapshot_manifest.csv","11819","0,011","580DDD5BB599D5BDBD4DF81037332F6D9BEBC8C09C9AED944791D8B97A33C997","True","True"
"log-20260606-122434-MaGaLiveMagaRuntimeStudy","tmp\mosaic-25.2\logs\log-20260606-122434-MaGaLiveMagaRuntimeStudy\live-maga-runtime\live_run_summary.json","tmp\archive\freeze-local-evidence-20260609\mosaic-log-lightweight-evidence\log-20260606-122434-MaGaLiveMagaRuntimeStudy\live-maga-runtime\live_run_summary.json","1826","0,002","7D0141CDC0F840CE85CCE506AD189069832FE793645C50F3BB9C518F93DC2F01","True","True"
"log-20260606-122434-MaGaLiveMagaRuntimeStudy","tmp\mosaic-25.2\logs\log-20260606-122434-MaGaLiveMagaRuntimeStudy\live-maga-runtime\live_run_summary.md","tmp\archive\freeze-local-evidence-20260609\mosaic-log-lightweight-evidence\log-20260606-122434-MaGaLiveMagaRuntimeStudy\live-maga-runtime\live_run_summary.md","2025","0,002","2503F40D6BEEA53E5B27C35EB961A46D3F09283C64C2BCBBB8F55DC7A32CF10F","True","True"
"log-20260606-122513-MaGaLiveMagaRuntimeStudy","tmp\mosaic-25.2\logs\log-20260606-122513-MaGaLiveMagaRuntimeStudy\live-maga-runtime\live_published_snapshot_manifest.csv","tmp\archive\freeze-local-evidence-20260609\mosaic-log-lightweight-evidence\log-20260606-122513-MaGaLiveMagaRuntimeStudy\live-maga-runtime\live_published_snapshot_manifest.csv","11819","0,011","580DDD5BB599D5BDBD4DF81037332F6D9BEBC8C09C9AED944791D8B97A33C997","True","True"
"log-20260606-122513-MaGaLiveMagaRuntimeStudy","tmp\mosaic-25.2\logs\log-20260606-122513-MaGaLiveMagaRuntimeStudy\live-maga-runtime\live_run_summary.json","tmp\archive\freeze-local-evidence-20260609\mosaic-log-lightweight-evidence\log-20260606-122513-MaGaLiveMagaRuntimeStudy\live-maga-runtime\live_run_summary.json","1826","0,002","000EBBD38C0B533F64B925835251AA10BD5D44BB16237DDBECE9F759F48EB8DC","True","True"
"log-20260606-122513-MaGaLiveMagaRuntimeStudy","tmp\mosaic-25.2\logs\log-20260606-122513-MaGaLiveMagaRuntimeStudy\live-maga-runtime\live_run_summary.md","tmp\archive\freeze-local-evidence-20260609\mosaic-log-lightweight-evidence\log-20260606-122513-MaGaLiveMagaRuntimeStudy\live-maga-runtime\live_run_summary.md","2025","0,002","2503F40D6BEEA53E5B27C35EB961A46D3F09283C64C2BCBBB8F55DC7A32CF10F","True","True"
"log-20260606-122530-MaGaLiveMagaRuntimeStudy","tmp\mosaic-25.2\logs\log-20260606-122530-MaGaLiveMagaRuntimeStudy\live-maga-runtime\live_published_snapshot_manifest.csv","tmp\archive\freeze-local-evidence-20260609\mosaic-log-lightweight-evidence\log-20260606-122530-MaGaLiveMagaRuntimeStudy\live-maga-runtime\live_published_snapshot_manifest.csv","12203","0,012","13360DEA94BA361CAEAC229A5662F9A83FAA5E8515A4D329AD3B88CD9C6684F0","True","True"
"log-20260606-122618-MaGaLiveMagaRuntimeStudy","tmp\mosaic-25.2\logs\log-20260606-122618-MaGaLiveMagaRuntimeStudy\live-maga-runtime\live_published_snapshot_manifest.csv","tmp\archive\freeze-local-evidence-20260609\mosaic-log-lightweight-evidence\log-20260606-122618-MaGaLiveMagaRuntimeStudy\live-maga-runtime\live_published_snapshot_manifest.csv","11819","0,011","580DDD5BB599D5BDBD4DF81037332F6D9BEBC8C09C9AED944791D8B97A33C997","True","True"
"log-20260606-122618-MaGaLiveMagaRuntimeStudy","tmp\mosaic-25.2\logs\log-20260606-122618-MaGaLiveMagaRuntimeStudy\live-maga-runtime\live_run_summary.json","tmp\archive\freeze-local-evidence-20260609\mosaic-log-lightweight-evidence\log-20260606-122618-MaGaLiveMagaRuntimeStudy\live-maga-runtime\live_run_summary.json","1826","0,002","31E9A6B3EAB5853944E5958E885C5AAB67F9162C1126805554D2542BEF8BC938","True","True"
"log-20260606-122618-MaGaLiveMagaRuntimeStudy","tmp\mosaic-25.2\logs\log-20260606-122618-MaGaLiveMagaRuntimeStudy\live-maga-runtime\live_run_summary.md","tmp\archive\freeze-local-evidence-20260609\mosaic-log-lightweight-evidence\log-20260606-122618-MaGaLiveMagaRuntimeStudy\live-maga-runtime\live_run_summary.md","2025","0,002","2503F40D6BEEA53E5B27C35EB961A46D3F09283C64C2BCBBB8F55DC7A32CF10F","True","True"
"log-20260606-232557-MaGaLiteratureBasedUrbanStudy","tmp\mosaic-25.2\logs\log-20260606-232557-MaGaLiteratureBasedUrbanStudy\live-maga-runtime\live_published_snapshot_manifest.csv","tmp\archive\freeze-local-evidence-20260609\mosaic-log-lightweight-evidence\log-20260606-232557-MaGaLiteratureBasedUrbanStudy\live-maga-runtime\live_published_snapshot_manifest.csv","0","0","E3B0C44298FC1C149AFBF4C8996FB92427AE41E4649B934CA495991B7852B855","True","True"
"log-20260606-232642-MaGaLiteratureBasedUrbanStudy","tmp\mosaic-25.2\logs\log-20260606-232642-MaGaLiteratureBasedUrbanStudy\live-maga-runtime\live_published_snapshot_manifest.csv","tmp\archive\freeze-local-evidence-20260609\mosaic-log-lightweight-evidence\log-20260606-232642-MaGaLiteratureBasedUrbanStudy\live-maga-runtime\live_published_snapshot_manifest.csv","48637","0,046","85FE73C2E2092A2F2A9361FBF443605AC38A55241B6138D0EE973AE821F4BB2F","True","True"
"log-20260606-234207-MaGaLiteratureBasedUrbanStudy","tmp\mosaic-25.2\logs\log-20260606-234207-MaGaLiteratureBasedUrbanStudy\live-maga-runtime\live_published_snapshot_manifest.csv","tmp\archive\freeze-local-evidence-20260609\mosaic-log-lightweight-evidence\log-20260606-234207-MaGaLiteratureBasedUrbanStudy\live-maga-runtime\live_published_snapshot_manifest.csv","48637","0,046","85FE73C2E2092A2F2A9361FBF443605AC38A55241B6138D0EE973AE821F4BB2F","True","True"
"log-20260607-000753-MaGaLiteratureBasedUrbanStudy","tmp\mosaic-25.2\logs\log-20260607-000753-MaGaLiteratureBasedUrbanStudy\live-maga-runtime\literature_smoke_validation.json","tmp\archive\freeze-local-evidence-20260609\mosaic-log-lightweight-evidence\log-20260607-000753-MaGaLiteratureBasedUrbanStudy\live-maga-runtime\literature_smoke_validation.json","3420","0,003","D5CE74295AD948C09E6BBE1D9AD2E1F72807ACB3C1E17514273DD00FB47FA1F5","True","True"
"log-20260607-000753-MaGaLiteratureBasedUrbanStudy","tmp\mosaic-25.2\logs\log-20260607-000753-MaGaLiteratureBasedUrbanStudy\live-maga-runtime\literature_smoke_validation.md","tmp\archive\freeze-local-evidence-20260609\mosaic-log-lightweight-evidence\log-20260607-000753-MaGaLiteratureBasedUrbanStudy\live-maga-runtime\literature_smoke_validation.md","1525","0,001","DCF721E8BD8723FB6297105C7519594E3892C917862C104E18377F42B57C7ADF","True","True"
"log-20260607-000753-MaGaLiteratureBasedUrbanStudy","tmp\mosaic-25.2\logs\log-20260607-000753-MaGaLiteratureBasedUrbanStudy\live-maga-runtime\live_published_snapshot_manifest.csv","tmp\archive\freeze-local-evidence-20260609\mosaic-log-lightweight-evidence\log-20260607-000753-MaGaLiteratureBasedUrbanStudy\live-maga-runtime\live_published_snapshot_manifest.csv","86525","0,083","0AD85FE81E7B2FC83AA4BC56B764B3E684262C5C21148AD073D1E61EE962D307","True","True"
"log-20260607-000753-MaGaLiteratureBasedUrbanStudy","tmp\mosaic-25.2\logs\log-20260607-000753-MaGaLiteratureBasedUrbanStudy\live-maga-runtime\live_run_summary.json","tmp\archive\freeze-local-evidence-20260609\mosaic-log-lightweight-evidence\log-20260607-000753-MaGaLiteratureBasedUrbanStudy\live-maga-runtime\live_run_summary.json","3570","0,003","AE16FC48A157DE06BF73FD2B3004379098CB5804F6A06A8F08441C1642ACDB9F","True","True"
"log-20260607-000753-MaGaLiteratureBasedUrbanStudy","tmp\mosaic-25.2\logs\log-20260607-000753-MaGaLiteratureBasedUrbanStudy\live-maga-runtime\live_run_summary.md","tmp\archive\freeze-local-evidence-20260609\mosaic-log-lightweight-evidence\log-20260607-000753-MaGaLiteratureBasedUrbanStudy\live-maga-runtime\live_run_summary.md","2772","0,003","B74560114DEC6D2CC9DE7E97312B38FEC1CD8BAAE4E4141C1CA37115B0D32414","True","True"
"log-20260607-001116-MaGaLiteratureBasedUrbanStudy","tmp\mosaic-25.2\logs\log-20260607-001116-MaGaLiteratureBasedUrbanStudy\live-maga-runtime\literature_smoke_validation.json","tmp\archive\freeze-local-evidence-20260609\mosaic-log-lightweight-evidence\log-20260607-001116-MaGaLiteratureBasedUrbanStudy\live-maga-runtime\literature_smoke_validation.json","3420","0,003","FD0DE7C48D7D633BAA678B3956EFF6ECF2BA984575780A72A2CE0B76139AFAD5","True","True"
"log-20260607-001116-MaGaLiteratureBasedUrbanStudy","tmp\mosaic-25.2\logs\log-20260607-001116-MaGaLiteratureBasedUrbanStudy\live-maga-runtime\literature_smoke_validation.md","tmp\archive\freeze-local-evidence-20260609\mosaic-log-lightweight-evidence\log-20260607-001116-MaGaLiteratureBasedUrbanStudy\live-maga-runtime\literature_smoke_validation.md","1525","0,001","766995208D006D3D616FAF8CB7C56C488DC37B5005D9E8AE1D473477DDCC4EF6","True","True"
"log-20260607-001116-MaGaLiteratureBasedUrbanStudy","tmp\mosaic-25.2\logs\log-20260607-001116-MaGaLiteratureBasedUrbanStudy\live-maga-runtime\live_published_snapshot_manifest.csv","tmp\archive\freeze-local-evidence-20260609\mosaic-log-lightweight-evidence\log-20260607-001116-MaGaLiteratureBasedUrbanStudy\live-maga-runtime\live_published_snapshot_manifest.csv","86525","0,083","0AD85FE81E7B2FC83AA4BC56B764B3E684262C5C21148AD073D1E61EE962D307","True","True"
"log-20260607-001116-MaGaLiteratureBasedUrbanStudy","tmp\mosaic-25.2\logs\log-20260607-001116-MaGaLiteratureBasedUrbanStudy\live-maga-runtime\live_run_summary.json","tmp\archive\freeze-local-evidence-20260609\mosaic-log-lightweight-evidence\log-20260607-001116-MaGaLiteratureBasedUrbanStudy\live-maga-runtime\live_run_summary.json","3570","0,003","E80CCC3E9AE80EFEFC6FBB2C35410584FA96D36EA297894B85DDCDF4FF7EE391","True","True"
"log-20260607-001116-MaGaLiteratureBasedUrbanStudy","tmp\mosaic-25.2\logs\log-20260607-001116-MaGaLiteratureBasedUrbanStudy\live-maga-runtime\live_run_summary.md","tmp\archive\freeze-local-evidence-20260609\mosaic-log-lightweight-evidence\log-20260607-001116-MaGaLiteratureBasedUrbanStudy\live-maga-runtime\live_run_summary.md","2772","0,003","B74560114DEC6D2CC9DE7E97312B38FEC1CD8BAAE4E4141C1CA37115B0D32414","True","True"
"log-20260607-001442-MaGaLiteratureBasedUrbanStudy","tmp\mosaic-25.2\logs\log-20260607-001442-MaGaLiteratureBasedUrbanStudy\live-maga-runtime\literature_smoke_validation.json","tmp\archive\freeze-local-evidence-20260609\mosaic-log-lightweight-evidence\log-20260607-001442-MaGaLiteratureBasedUrbanStudy\live-maga-runtime\literature_smoke_validation.json","3420","0,003","DD27D349979DAC4F7060BC34E4688A855D343303EC5D1A14E6F9026A22B251B1","True","True"
"log-20260607-001442-MaGaLiteratureBasedUrbanStudy","tmp\mosaic-25.2\logs\log-20260607-001442-MaGaLiteratureBasedUrbanStudy\live-maga-runtime\literature_smoke_validation.md","tmp\archive\freeze-local-evidence-20260609\mosaic-log-lightweight-evidence\log-20260607-001442-MaGaLiteratureBasedUrbanStudy\live-maga-runtime\literature_smoke_validation.md","1525","0,001","74DFF99215C54BAE21E8861E01A1614E1B8CAEA1A9859F4DAC3278110B2B800D","True","True"
"log-20260607-001442-MaGaLiteratureBasedUrbanStudy","tmp\mosaic-25.2\logs\log-20260607-001442-MaGaLiteratureBasedUrbanStudy\live-maga-runtime\live_published_snapshot_manifest.csv","tmp\archive\freeze-local-evidence-20260609\mosaic-log-lightweight-evidence\log-20260607-001442-MaGaLiteratureBasedUrbanStudy\live-maga-runtime\live_published_snapshot_manifest.csv","86525","0,083","0AD85FE81E7B2FC83AA4BC56B764B3E684262C5C21148AD073D1E61EE962D307","True","True"
"log-20260607-001442-MaGaLiteratureBasedUrbanStudy","tmp\mosaic-25.2\logs\log-20260607-001442-MaGaLiteratureBasedUrbanStudy\live-maga-runtime\live_run_summary.json","tmp\archive\freeze-local-evidence-20260609\mosaic-log-lightweight-evidence\log-20260607-001442-MaGaLiteratureBasedUrbanStudy\live-maga-runtime\live_run_summary.json","3570","0,003","C62E30A69E93F160EF868EEE1D06F928150939E9A242B409912402357B5FA1D2","True","True"
"log-20260607-001442-MaGaLiteratureBasedUrbanStudy","tmp\mosaic-25.2\logs\log-20260607-001442-MaGaLiteratureBasedUrbanStudy\live-maga-runtime\live_run_summary.md","tmp\archive\freeze-local-evidence-20260609\mosaic-log-lightweight-evidence\log-20260607-001442-MaGaLiteratureBasedUrbanStudy\live-maga-runtime\live_run_summary.md","2772","0,003","B74560114DEC6D2CC9DE7E97312B38FEC1CD8BAAE4E4141C1CA37115B0D32414","True","True"
"log-20260607-002130-MaGaLiteratureBasedUrbanStudy","tmp\mosaic-25.2\logs\log-20260607-002130-MaGaLiteratureBasedUrbanStudy\live-maga-runtime\literature_smoke_validation.json","tmp\archive\freeze-local-evidence-20260609\mosaic-log-lightweight-evidence\log-20260607-002130-MaGaLiteratureBasedUrbanStudy\live-maga-runtime\literature_smoke_validation.json","3420","0,003","F854F1358CDADFD8FCE3E73A14AE09F170C50A300EC3EDF3318EB7F059E37B7C","True","True"
"log-20260607-002130-MaGaLiteratureBasedUrbanStudy","tmp\mosaic-25.2\logs\log-20260607-002130-MaGaLiteratureBasedUrbanStudy\live-maga-runtime\literature_smoke_validation.md","tmp\archive\freeze-local-evidence-20260609\mosaic-log-lightweight-evidence\log-20260607-002130-MaGaLiteratureBasedUrbanStudy\live-maga-runtime\literature_smoke_validation.md","1525","0,001","8206C34BB1AFCE41B7E0FB3ADC5595F86F53D72C55960C6E84E2E536C4BDAA84","True","True"
"log-20260607-002130-MaGaLiteratureBasedUrbanStudy","tmp\mosaic-25.2\logs\log-20260607-002130-MaGaLiteratureBasedUrbanStudy\live-maga-runtime\live_published_snapshot_manifest.csv","tmp\archive\freeze-local-evidence-20260609\mosaic-log-lightweight-evidence\log-20260607-002130-MaGaLiteratureBasedUrbanStudy\live-maga-runtime\live_published_snapshot_manifest.csv","86525","0,083","0AD85FE81E7B2FC83AA4BC56B764B3E684262C5C21148AD073D1E61EE962D307","True","True"
"log-20260607-002130-MaGaLiteratureBasedUrbanStudy","tmp\mosaic-25.2\logs\log-20260607-002130-MaGaLiteratureBasedUrbanStudy\live-maga-runtime\live_run_summary.json","tmp\archive\freeze-local-evidence-20260609\mosaic-log-lightweight-evidence\log-20260607-002130-MaGaLiteratureBasedUrbanStudy\live-maga-runtime\live_run_summary.json","3570","0,003","D87F4257B43CD558F3891A7248E893B1D1A310145823EAF5855600A495225F79","True","True"
"log-20260607-002130-MaGaLiteratureBasedUrbanStudy","tmp\mosaic-25.2\logs\log-20260607-002130-MaGaLiteratureBasedUrbanStudy\live-maga-runtime\live_run_summary.md","tmp\archive\freeze-local-evidence-20260609\mosaic-log-lightweight-evidence\log-20260607-002130-MaGaLiteratureBasedUrbanStudy\live-maga-runtime\live_run_summary.md","2772","0,003","B74560114DEC6D2CC9DE7E97312B38FEC1CD8BAAE4E4141C1CA37115B0D32414","True","True"
"log-20260607-003506-MaGaLiteratureBasedUrbanStudy","tmp\mosaic-25.2\logs\log-20260607-003506-MaGaLiteratureBasedUrbanStudy\live-maga-runtime\literature_smoke_validation.json","tmp\archive\freeze-local-evidence-20260609\mosaic-log-lightweight-evidence\log-20260607-003506-MaGaLiteratureBasedUrbanStudy\live-maga-runtime\literature_smoke_validation.json","3420","0,003","8295F9718ECE44D11ECAD076E10FBF22AE27CA8CF50A56B16D7CF920C9C6C7BF","True","True"
"log-20260607-003506-MaGaLiteratureBasedUrbanStudy","tmp\mosaic-25.2\logs\log-20260607-003506-MaGaLiteratureBasedUrbanStudy\live-maga-runtime\literature_smoke_validation.md","tmp\archive\freeze-local-evidence-20260609\mosaic-log-lightweight-evidence\log-20260607-003506-MaGaLiteratureBasedUrbanStudy\live-maga-runtime\literature_smoke_validation.md","1525","0,001","0ED6EAA11BFF875FB81A7FCFCAD3A0B8E96854E7A954E455211E81E03025BE27","True","True"
"log-20260607-003506-MaGaLiteratureBasedUrbanStudy","tmp\mosaic-25.2\logs\log-20260607-003506-MaGaLiteratureBasedUrbanStudy\live-maga-runtime\live_published_snapshot_manifest.csv","tmp\archive\freeze-local-evidence-20260609\mosaic-log-lightweight-evidence\log-20260607-003506-MaGaLiteratureBasedUrbanStudy\live-maga-runtime\live_published_snapshot_manifest.csv","86525","0,083","0AD85FE81E7B2FC83AA4BC56B764B3E684262C5C21148AD073D1E61EE962D307","True","True"
"log-20260607-003506-MaGaLiteratureBasedUrbanStudy","tmp\mosaic-25.2\logs\log-20260607-003506-MaGaLiteratureBasedUrbanStudy\live-maga-runtime\live_run_summary.json","tmp\archive\freeze-local-evidence-20260609\mosaic-log-lightweight-evidence\log-20260607-003506-MaGaLiteratureBasedUrbanStudy\live-maga-runtime\live_run_summary.json","3570","0,003","B30B32D5D163D53028213E624094F2D4EB0CEF5994A2E92174ED89237E8799AB","True","True"
"log-20260607-003506-MaGaLiteratureBasedUrbanStudy","tmp\mosaic-25.2\logs\log-20260607-003506-MaGaLiteratureBasedUrbanStudy\live-maga-runtime\live_run_summary.md","tmp\archive\freeze-local-evidence-20260609\mosaic-log-lightweight-evidence\log-20260607-003506-MaGaLiteratureBasedUrbanStudy\live-maga-runtime\live_run_summary.md","2772","0,003","B74560114DEC6D2CC9DE7E97312B38FEC1CD8BAAE4E4141C1CA37115B0D32414","True","True"
"log-20260607-195523-MaGaLiteratureBasedUrbanStudy","tmp\mosaic-25.2\logs\log-20260607-195523-MaGaLiteratureBasedUrbanStudy\live-maga-runtime\literature_smoke_validation.json","tmp\archive\freeze-local-evidence-20260609\mosaic-log-lightweight-evidence\log-20260607-195523-MaGaLiteratureBasedUrbanStudy\live-maga-runtime\literature_smoke_validation.json","3420","0,003","86E16FF32E4232E3AFE65986AAD575E85930A8B6214B53B004F533123015046F","True","True"
"log-20260607-195523-MaGaLiteratureBasedUrbanStudy","tmp\mosaic-25.2\logs\log-20260607-195523-MaGaLiteratureBasedUrbanStudy\live-maga-runtime\literature_smoke_validation.md","tmp\archive\freeze-local-evidence-20260609\mosaic-log-lightweight-evidence\log-20260607-195523-MaGaLiteratureBasedUrbanStudy\live-maga-runtime\literature_smoke_validation.md","1525","0,001","3F7280CD736A003F84CDAA1335109B1B556E76CF2C2399F3D7CB80C1B65E3557","True","True"
"log-20260607-195523-MaGaLiteratureBasedUrbanStudy","tmp\mosaic-25.2\logs\log-20260607-195523-MaGaLiteratureBasedUrbanStudy\live-maga-runtime\live_published_snapshot_manifest.csv","tmp\archive\freeze-local-evidence-20260609\mosaic-log-lightweight-evidence\log-20260607-195523-MaGaLiteratureBasedUrbanStudy\live-maga-runtime\live_published_snapshot_manifest.csv","28656","0,027","45E2CB59A57FE080C2038DFE6FFB74F8548358591276802B2F6733F5DCB85DC8","True","True"
"log-20260607-195523-MaGaLiteratureBasedUrbanStudy","tmp\mosaic-25.2\logs\log-20260607-195523-MaGaLiteratureBasedUrbanStudy\live-maga-runtime\live_run_summary.json","tmp\archive\freeze-local-evidence-20260609\mosaic-log-lightweight-evidence\log-20260607-195523-MaGaLiteratureBasedUrbanStudy\live-maga-runtime\live_run_summary.json","3570","0,003","E6BED7909203448D90F80155905E4C359A0BFBA80DA02621440A58311C6C87BB","True","True"
"log-20260607-195523-MaGaLiteratureBasedUrbanStudy","tmp\mosaic-25.2\logs\log-20260607-195523-MaGaLiteratureBasedUrbanStudy\live-maga-runtime\live_run_summary.md","tmp\archive\freeze-local-evidence-20260609\mosaic-log-lightweight-evidence\log-20260607-195523-MaGaLiteratureBasedUrbanStudy\live-maga-runtime\live_run_summary.md","2772","0,003","B74560114DEC6D2CC9DE7E97312B38FEC1CD8BAAE4E4141C1CA37115B0D32414","True","True"
"log-20260607-205019-MaGaLiteratureBasedUrbanStudy","tmp\mosaic-25.2\logs\log-20260607-205019-MaGaLiteratureBasedUrbanStudy\live-maga-runtime\literature_smoke_validation.json","tmp\archive\freeze-local-evidence-20260609\mosaic-log-lightweight-evidence\log-20260607-205019-MaGaLiteratureBasedUrbanStudy\live-maga-runtime\literature_smoke_validation.json","3419","0,003","6BEBBE9EF6FF372541CFFACBA8E1B81AF4D178794E4A20BDD397540EF134EBC0","True","True"
"log-20260607-205019-MaGaLiteratureBasedUrbanStudy","tmp\mosaic-25.2\logs\log-20260607-205019-MaGaLiteratureBasedUrbanStudy\live-maga-runtime\literature_smoke_validation.md","tmp\archive\freeze-local-evidence-20260609\mosaic-log-lightweight-evidence\log-20260607-205019-MaGaLiteratureBasedUrbanStudy\live-maga-runtime\literature_smoke_validation.md","1524","0,001","9ACA7A8BEB24EE5B32EAE559BA6D4CEC8DE7522F6AA157235F93F73931D7D069","True","True"
"log-20260607-205019-MaGaLiteratureBasedUrbanStudy","tmp\mosaic-25.2\logs\log-20260607-205019-MaGaLiteratureBasedUrbanStudy\live-maga-runtime\live_published_snapshot_manifest.csv","tmp\archive\freeze-local-evidence-20260609\mosaic-log-lightweight-evidence\log-20260607-205019-MaGaLiteratureBasedUrbanStudy\live-maga-runtime\live_published_snapshot_manifest.csv","29538","0,028","CE724D64D6A91F67AEA98AA8A91D83C51DD4219778B9F6B64E57046E9A0C7F1B","True","True"
"log-20260607-205019-MaGaLiteratureBasedUrbanStudy","tmp\mosaic-25.2\logs\log-20260607-205019-MaGaLiteratureBasedUrbanStudy\live-maga-runtime\live_run_summary.json","tmp\archive\freeze-local-evidence-20260609\mosaic-log-lightweight-evidence\log-20260607-205019-MaGaLiteratureBasedUrbanStudy\live-maga-runtime\live_run_summary.json","3570","0,003","09C323B57312A38B0F2D0804051A41EF6CEB3BA799F2C23F6955EEE0465CFDF6","True","True"
"log-20260607-205019-MaGaLiteratureBasedUrbanStudy","tmp\mosaic-25.2\logs\log-20260607-205019-MaGaLiteratureBasedUrbanStudy\live-maga-runtime\live_run_summary.md","tmp\archive\freeze-local-evidence-20260609\mosaic-log-lightweight-evidence\log-20260607-205019-MaGaLiteratureBasedUrbanStudy\live-maga-runtime\live_run_summary.md","2772","0,003","B74560114DEC6D2CC9DE7E97312B38FEC1CD8BAAE4E4141C1CA37115B0D32414","True","True"
"log-20260607-210622-MaGaLiteratureBasedUrbanStudy","tmp\mosaic-25.2\logs\log-20260607-210622-MaGaLiteratureBasedUrbanStudy\live-maga-runtime\literature_smoke_validation.json","tmp\archive\freeze-local-evidence-20260609\mosaic-log-lightweight-evidence\log-20260607-210622-MaGaLiteratureBasedUrbanStudy\live-maga-runtime\literature_smoke_validation.json","3419","0,003","F981F388FDE98184CD9044968556BF1F1C14D4A65A0514B18DC23613E177CA41","True","True"
"log-20260607-210622-MaGaLiteratureBasedUrbanStudy","tmp\mosaic-25.2\logs\log-20260607-210622-MaGaLiteratureBasedUrbanStudy\live-maga-runtime\literature_smoke_validation.md","tmp\archive\freeze-local-evidence-20260609\mosaic-log-lightweight-evidence\log-20260607-210622-MaGaLiteratureBasedUrbanStudy\live-maga-runtime\literature_smoke_validation.md","1524","0,001","642514B07A00559583529CFCBB671F90EC33DC1CFFA07BB36A834F333BB31F1F","True","True"
"log-20260607-210622-MaGaLiteratureBasedUrbanStudy","tmp\mosaic-25.2\logs\log-20260607-210622-MaGaLiteratureBasedUrbanStudy\live-maga-runtime\live_published_snapshot_manifest.csv","tmp\archive\freeze-local-evidence-20260609\mosaic-log-lightweight-evidence\log-20260607-210622-MaGaLiteratureBasedUrbanStudy\live-maga-runtime\live_published_snapshot_manifest.csv","29538","0,028","CE724D64D6A91F67AEA98AA8A91D83C51DD4219778B9F6B64E57046E9A0C7F1B","True","True"
"log-20260607-210622-MaGaLiteratureBasedUrbanStudy","tmp\mosaic-25.2\logs\log-20260607-210622-MaGaLiteratureBasedUrbanStudy\live-maga-runtime\live_run_summary.json","tmp\archive\freeze-local-evidence-20260609\mosaic-log-lightweight-evidence\log-20260607-210622-MaGaLiteratureBasedUrbanStudy\live-maga-runtime\live_run_summary.json","3569","0,003","5C3B20819E43AD87333DA9D61BDB2391F2FC8D16E7AE4CF27B30C638D3BE6E42","True","True"
"log-20260607-210622-MaGaLiteratureBasedUrbanStudy","tmp\mosaic-25.2\logs\log-20260607-210622-MaGaLiteratureBasedUrbanStudy\live-maga-runtime\live_run_summary.md","tmp\archive\freeze-local-evidence-20260609\mosaic-log-lightweight-evidence\log-20260607-210622-MaGaLiteratureBasedUrbanStudy\live-maga-runtime\live_run_summary.md","2741","0,003","745910FD1742B0D24A1EB3519BA5C1ECBAE76475826A9E1106E84B4F66D0C66F","True","True"
"log-20260607-235837-MaGaLiteratureBasedUrbanStudy","tmp\mosaic-25.2\logs\log-20260607-235837-MaGaLiteratureBasedUrbanStudy\live-maga-runtime\literature_smoke_validation.json","tmp\archive\freeze-local-evidence-20260609\mosaic-log-lightweight-evidence\log-20260607-235837-MaGaLiteratureBasedUrbanStudy\live-maga-runtime\literature_smoke_validation.json","3419","0,003","CF1A09E148107893014C951E21F6A9FDF1E3433BAD931DA3EDEB87BB0A4453FF","True","True"
"log-20260607-235837-MaGaLiteratureBasedUrbanStudy","tmp\mosaic-25.2\logs\log-20260607-235837-MaGaLiteratureBasedUrbanStudy\live-maga-runtime\literature_smoke_validation.md","tmp\archive\freeze-local-evidence-20260609\mosaic-log-lightweight-evidence\log-20260607-235837-MaGaLiteratureBasedUrbanStudy\live-maga-runtime\literature_smoke_validation.md","1524","0,001","7955A5B3919724F6AB8CF231D54658460E7AFD464E09D85FADDDE1E2AD886AB7","True","True"
"log-20260607-235837-MaGaLiteratureBasedUrbanStudy","tmp\mosaic-25.2\logs\log-20260607-235837-MaGaLiteratureBasedUrbanStudy\live-maga-runtime\live_published_snapshot_manifest.csv","tmp\archive\freeze-local-evidence-20260609\mosaic-log-lightweight-evidence\log-20260607-235837-MaGaLiteratureBasedUrbanStudy\live-maga-runtime\live_published_snapshot_manifest.csv","29538","0,028","CE724D64D6A91F67AEA98AA8A91D83C51DD4219778B9F6B64E57046E9A0C7F1B","True","True"
"log-20260607-235837-MaGaLiteratureBasedUrbanStudy","tmp\mosaic-25.2\logs\log-20260607-235837-MaGaLiteratureBasedUrbanStudy\live-maga-runtime\live_run_summary.json","tmp\archive\freeze-local-evidence-20260609\mosaic-log-lightweight-evidence\log-20260607-235837-MaGaLiteratureBasedUrbanStudy\live-maga-runtime\live_run_summary.json","3569","0,003","A4B394625BCD83AF53E66F740F2CCE11E9E6B7CB2ACC2B422ECB2CCB95BAE573","True","True"
"log-20260607-235837-MaGaLiteratureBasedUrbanStudy","tmp\mosaic-25.2\logs\log-20260607-235837-MaGaLiteratureBasedUrbanStudy\live-maga-runtime\live_run_summary.md","tmp\archive\freeze-local-evidence-20260609\mosaic-log-lightweight-evidence\log-20260607-235837-MaGaLiteratureBasedUrbanStudy\live-maga-runtime\live_run_summary.md","2741","0,003","C03BA7745A0AB0533FAE8538C9B20CFBE8A82DB7818EF1FBA071E5E039B6CC68","True","True"
"log-20260608-001744-MaGaLiteratureBasedUrbanStudy","tmp\mosaic-25.2\logs\log-20260608-001744-MaGaLiteratureBasedUrbanStudy\live-maga-runtime\literature_smoke_validation.json","tmp\archive\freeze-local-evidence-20260609\mosaic-log-lightweight-evidence\log-20260608-001744-MaGaLiteratureBasedUrbanStudy\live-maga-runtime\literature_smoke_validation.json","3420","0,003","01694EC42AC8CCA2C60DD305AC726EAC24408E4E89054954F420355D9AA11109","True","True"
"log-20260608-001744-MaGaLiteratureBasedUrbanStudy","tmp\mosaic-25.2\logs\log-20260608-001744-MaGaLiteratureBasedUrbanStudy\live-maga-runtime\literature_smoke_validation.md","tmp\archive\freeze-local-evidence-20260609\mosaic-log-lightweight-evidence\log-20260608-001744-MaGaLiteratureBasedUrbanStudy\live-maga-runtime\literature_smoke_validation.md","1525","0,001","85B29E165AC4D8EFAADD31CB2F48072F7F01AB5B793D8F7AD006E8DBD1B1CF6E","True","True"
"log-20260608-001744-MaGaLiteratureBasedUrbanStudy","tmp\mosaic-25.2\logs\log-20260608-001744-MaGaLiteratureBasedUrbanStudy\live-maga-runtime\live_published_snapshot_manifest.csv","tmp\archive\freeze-local-evidence-20260609\mosaic-log-lightweight-evidence\log-20260608-001744-MaGaLiteratureBasedUrbanStudy\live-maga-runtime\live_published_snapshot_manifest.csv","30004","0,029","104F477A58AA1F7D980B0BF8D5701AC9E965ABEF72CD03F299C6D47FA1F91771","True","True"
"log-20260608-001744-MaGaLiteratureBasedUrbanStudy","tmp\mosaic-25.2\logs\log-20260608-001744-MaGaLiteratureBasedUrbanStudy\live-maga-runtime\live_run_summary.json","tmp\archive\freeze-local-evidence-20260609\mosaic-log-lightweight-evidence\log-20260608-001744-MaGaLiteratureBasedUrbanStudy\live-maga-runtime\live_run_summary.json","3570","0,003","2F1FF076F084DBCB3C6C6C4C3A1F32BB005BF9568D4217A43D4CEEDB2E0D6D8C","True","True"
"log-20260608-001744-MaGaLiteratureBasedUrbanStudy","tmp\mosaic-25.2\logs\log-20260608-001744-MaGaLiteratureBasedUrbanStudy\live-maga-runtime\live_run_summary.md","tmp\archive\freeze-local-evidence-20260609\mosaic-log-lightweight-evidence\log-20260608-001744-MaGaLiteratureBasedUrbanStudy\live-maga-runtime\live_run_summary.md","2742","0,003","02A716B3AE0C17C554A1BF86C3D4B169B4959536A6DBF3B38BD56A3E7E22F818","True","True"
"log-20260608-001818-MaGaLiteratureBasedUrbanStudy","tmp\mosaic-25.2\logs\log-20260608-001818-MaGaLiteratureBasedUrbanStudy\live-maga-runtime\literature_smoke_validation.json","tmp\archive\freeze-local-evidence-20260609\mosaic-log-lightweight-evidence\log-20260608-001818-MaGaLiteratureBasedUrbanStudy\live-maga-runtime\literature_smoke_validation.json","3420","0,003","1847906A46EBF69E7EFEE2E1DBC122CE01E5336448B92E0601C5FD003A1E89AE","True","True"
"log-20260608-001818-MaGaLiteratureBasedUrbanStudy","tmp\mosaic-25.2\logs\log-20260608-001818-MaGaLiteratureBasedUrbanStudy\live-maga-runtime\literature_smoke_validation.md","tmp\archive\freeze-local-evidence-20260609\mosaic-log-lightweight-evidence\log-20260608-001818-MaGaLiteratureBasedUrbanStudy\live-maga-runtime\literature_smoke_validation.md","1525","0,001","5F4D3099BB9940E6F451877FC3C422CC54B2A06B5974671874ADDF80E2D65114","True","True"
"log-20260608-001818-MaGaLiteratureBasedUrbanStudy","tmp\mosaic-25.2\logs\log-20260608-001818-MaGaLiteratureBasedUrbanStudy\live-maga-runtime\live_published_snapshot_manifest.csv","tmp\archive\freeze-local-evidence-20260609\mosaic-log-lightweight-evidence\log-20260608-001818-MaGaLiteratureBasedUrbanStudy\live-maga-runtime\live_published_snapshot_manifest.csv","31331","0,03","1227BD318A4ED5E79FA5D3BE39DFB6878C99E14E4790512645425AAE1197DC05","True","True"
"log-20260608-001818-MaGaLiteratureBasedUrbanStudy","tmp\mosaic-25.2\logs\log-20260608-001818-MaGaLiteratureBasedUrbanStudy\live-maga-runtime\live_run_summary.json","tmp\archive\freeze-local-evidence-20260609\mosaic-log-lightweight-evidence\log-20260608-001818-MaGaLiteratureBasedUrbanStudy\live-maga-runtime\live_run_summary.json","3570","0,003","E87EBA3D8994D5EA32972C509CF94B692B8271796531846463B62B5392AD9DE4","True","True"
"log-20260608-001818-MaGaLiteratureBasedUrbanStudy","tmp\mosaic-25.2\logs\log-20260608-001818-MaGaLiteratureBasedUrbanStudy\live-maga-runtime\live_run_summary.md","tmp\archive\freeze-local-evidence-20260609\mosaic-log-lightweight-evidence\log-20260608-001818-MaGaLiteratureBasedUrbanStudy\live-maga-runtime\live_run_summary.md","2742","0,003","01281039DAECB267325F479C3678BA0813FACF0C8B60D22C9DB0A50FCAC09202","True","True"
"log-20260608-001852-MaGaLiteratureBasedUrbanStudy","tmp\mosaic-25.2\logs\log-20260608-001852-MaGaLiteratureBasedUrbanStudy\live-maga-runtime\literature_smoke_validation.json","tmp\archive\freeze-local-evidence-20260609\mosaic-log-lightweight-evidence\log-20260608-001852-MaGaLiteratureBasedUrbanStudy\live-maga-runtime\literature_smoke_validation.json","3421","0,003","DF36693BA4A6A3BB8016CB5363324BBD1185632C15C69C6EFC44ACF29B0EFAB0","True","True"
"log-20260608-001852-MaGaLiteratureBasedUrbanStudy","tmp\mosaic-25.2\logs\log-20260608-001852-MaGaLiteratureBasedUrbanStudy\live-maga-runtime\literature_smoke_validation.md","tmp\archive\freeze-local-evidence-20260609\mosaic-log-lightweight-evidence\log-20260608-001852-MaGaLiteratureBasedUrbanStudy\live-maga-runtime\literature_smoke_validation.md","1526","0,001","DC4885881B267FC89F7E26076F326FEEF376C6D8954B3F50CC161FC0D067D7D2","True","True"
"log-20260608-001852-MaGaLiteratureBasedUrbanStudy","tmp\mosaic-25.2\logs\log-20260608-001852-MaGaLiteratureBasedUrbanStudy\live-maga-runtime\live_published_snapshot_manifest.csv","tmp\archive\freeze-local-evidence-20260609\mosaic-log-lightweight-evidence\log-20260608-001852-MaGaLiteratureBasedUrbanStudy\live-maga-runtime\live_published_snapshot_manifest.csv","30534","0,029","66D4128A90C69E96F03BB7894F95373CDF93E8E52915D9AD7807FA240B3E512E","True","True"
"log-20260608-001852-MaGaLiteratureBasedUrbanStudy","tmp\mosaic-25.2\logs\log-20260608-001852-MaGaLiteratureBasedUrbanStudy\live-maga-runtime\live_run_summary.json","tmp\archive\freeze-local-evidence-20260609\mosaic-log-lightweight-evidence\log-20260608-001852-MaGaLiteratureBasedUrbanStudy\live-maga-runtime\live_run_summary.json","3571","0,003","DE690B1D84BA520D0D53FD88274FB1024B8F3C4AD1718D8ED74C6EB5EAFA6464","True","True"
"log-20260608-001852-MaGaLiteratureBasedUrbanStudy","tmp\mosaic-25.2\logs\log-20260608-001852-MaGaLiteratureBasedUrbanStudy\live-maga-runtime\live_run_summary.md","tmp\archive\freeze-local-evidence-20260609\mosaic-log-lightweight-evidence\log-20260608-001852-MaGaLiteratureBasedUrbanStudy\live-maga-runtime\live_run_summary.md","2743","0,003","77A725E582CBBC1772B4EDB22DEFBACB84AC7F7C35935814DB85152E8A9A7C34","True","True"
"log-20260608-003731-MaGaLiteratureBasedUrbanStudy","tmp\mosaic-25.2\logs\log-20260608-003731-MaGaLiteratureBasedUrbanStudy\live-maga-runtime\literature_smoke_validation.json","tmp\archive\freeze-local-evidence-20260609\mosaic-log-lightweight-evidence\log-20260608-003731-MaGaLiteratureBasedUrbanStudy\live-maga-runtime\literature_smoke_validation.json","3417","0,003","87EB6D7CEE247456D46C9112A9BDB000BBD351F77D92486DD671977F50231265","True","True"
"log-20260608-003731-MaGaLiteratureBasedUrbanStudy","tmp\mosaic-25.2\logs\log-20260608-003731-MaGaLiteratureBasedUrbanStudy\live-maga-runtime\literature_smoke_validation.md","tmp\archive\freeze-local-evidence-20260609\mosaic-log-lightweight-evidence\log-20260608-003731-MaGaLiteratureBasedUrbanStudy\live-maga-runtime\literature_smoke_validation.md","1522","0,001","5FC8FE6B494551907DEA6F7E3C5851F151A217746B25CB6B8284C5F46BC491AE","True","True"
"log-20260608-003731-MaGaLiteratureBasedUrbanStudy","tmp\mosaic-25.2\logs\log-20260608-003731-MaGaLiteratureBasedUrbanStudy\live-maga-runtime\live_published_snapshot_manifest.csv","tmp\archive\freeze-local-evidence-20260609\mosaic-log-lightweight-evidence\log-20260608-003731-MaGaLiteratureBasedUrbanStudy\live-maga-runtime\live_published_snapshot_manifest.csv","19067","0,018","90DF8B599DD9467063A2F3B7641843CC86D70A810FBDBD90F98245251A9632E9","True","True"
"log-20260608-003731-MaGaLiteratureBasedUrbanStudy","tmp\mosaic-25.2\logs\log-20260608-003731-MaGaLiteratureBasedUrbanStudy\live-maga-runtime\live_run_summary.json","tmp\archive\freeze-local-evidence-20260609\mosaic-log-lightweight-evidence\log-20260608-003731-MaGaLiteratureBasedUrbanStudy\live-maga-runtime\live_run_summary.json","3569","0,003","45E24CECE44B8EE59FD851DD28B01F71512600DCD246F6C4C859F922A1DAF3DF","True","True"
"log-20260608-003731-MaGaLiteratureBasedUrbanStudy","tmp\mosaic-25.2\logs\log-20260608-003731-MaGaLiteratureBasedUrbanStudy\live-maga-runtime\live_run_summary.md","tmp\archive\freeze-local-evidence-20260609\mosaic-log-lightweight-evidence\log-20260608-003731-MaGaLiteratureBasedUrbanStudy\live-maga-runtime\live_run_summary.md","2741","0,003","F9C091559F560DFD815B80DE261094D06668F62CC9939C360402CB54A2ECBF15","True","True"
"log-20260608-003806-MaGaLiteratureBasedUrbanStudy","tmp\mosaic-25.2\logs\log-20260608-003806-MaGaLiteratureBasedUrbanStudy\live-maga-runtime\literature_smoke_validation.json","tmp\archive\freeze-local-evidence-20260609\mosaic-log-lightweight-evidence\log-20260608-003806-MaGaLiteratureBasedUrbanStudy\live-maga-runtime\literature_smoke_validation.json","3419","0,003","C472FC30F30EB354697A1681983784685B68482F6999A7421C5D32ECE26283F0","True","True"
"log-20260608-003806-MaGaLiteratureBasedUrbanStudy","tmp\mosaic-25.2\logs\log-20260608-003806-MaGaLiteratureBasedUrbanStudy\live-maga-runtime\literature_smoke_validation.md","tmp\archive\freeze-local-evidence-20260609\mosaic-log-lightweight-evidence\log-20260608-003806-MaGaLiteratureBasedUrbanStudy\live-maga-runtime\literature_smoke_validation.md","1524","0,001","4D67FA37F4D700761376DDD4CF88FF3F7591147E16A44D2B531B867718C14E01","True","True"
"log-20260608-003806-MaGaLiteratureBasedUrbanStudy","tmp\mosaic-25.2\logs\log-20260608-003806-MaGaLiteratureBasedUrbanStudy\live-maga-runtime\live_published_snapshot_manifest.csv","tmp\archive\freeze-local-evidence-20260609\mosaic-log-lightweight-evidence\log-20260608-003806-MaGaLiteratureBasedUrbanStudy\live-maga-runtime\live_published_snapshot_manifest.csv","53336","0,051","914A69D038F0A35C9D75CDF3E9158BC91785675A22DFE903934598FAB15733AB","True","True"
"log-20260608-003806-MaGaLiteratureBasedUrbanStudy","tmp\mosaic-25.2\logs\log-20260608-003806-MaGaLiteratureBasedUrbanStudy\live-maga-runtime\live_run_summary.json","tmp\archive\freeze-local-evidence-20260609\mosaic-log-lightweight-evidence\log-20260608-003806-MaGaLiteratureBasedUrbanStudy\live-maga-runtime\live_run_summary.json","3569","0,003","E4AC9D4434DCD097CFA5C27577643DAB19975A8EB11D4F4A4158D842A34F5E5E","True","True"
"log-20260608-003806-MaGaLiteratureBasedUrbanStudy","tmp\mosaic-25.2\logs\log-20260608-003806-MaGaLiteratureBasedUrbanStudy\live-maga-runtime\live_run_summary.md","tmp\archive\freeze-local-evidence-20260609\mosaic-log-lightweight-evidence\log-20260608-003806-MaGaLiteratureBasedUrbanStudy\live-maga-runtime\live_run_summary.md","2741","0,003","A20360C986084E9A51CB2DBE3EDA94CF5713B8AEAAC389E9F29852110216754E","True","True"
"log-20260608-004307-MaGaLiteratureBasedUrbanStudy","tmp\mosaic-25.2\logs\log-20260608-004307-MaGaLiteratureBasedUrbanStudy\live-maga-runtime\literature_smoke_validation.json","tmp\archive\freeze-local-evidence-20260609\mosaic-log-lightweight-evidence\log-20260608-004307-MaGaLiteratureBasedUrbanStudy\live-maga-runtime\literature_smoke_validation.json","3420","0,003","8E524F9C8DF7B43D95D7714DDC0790892D0BC3F97947825E023C6668DC310DD8","True","True"
"log-20260608-004307-MaGaLiteratureBasedUrbanStudy","tmp\mosaic-25.2\logs\log-20260608-004307-MaGaLiteratureBasedUrbanStudy\live-maga-runtime\literature_smoke_validation.md","tmp\archive\freeze-local-evidence-20260609\mosaic-log-lightweight-evidence\log-20260608-004307-MaGaLiteratureBasedUrbanStudy\live-maga-runtime\literature_smoke_validation.md","1525","0,001","EB65CFA1C36F4EA83F423510E0A6EC0CF86F125E412DE5F1B3CA9F188B7D3E9A","True","True"
"log-20260608-004307-MaGaLiteratureBasedUrbanStudy","tmp\mosaic-25.2\logs\log-20260608-004307-MaGaLiteratureBasedUrbanStudy\live-maga-runtime\live_published_snapshot_manifest.csv","tmp\archive\freeze-local-evidence-20260609\mosaic-log-lightweight-evidence\log-20260608-004307-MaGaLiteratureBasedUrbanStudy\live-maga-runtime\live_published_snapshot_manifest.csv","20600","0,02","C64D1BC2A2B5324C0C27D8689EE4DC581B25F6E8C69CCB6E9147812B5BC7C98D","True","True"
"log-20260608-004307-MaGaLiteratureBasedUrbanStudy","tmp\mosaic-25.2\logs\log-20260608-004307-MaGaLiteratureBasedUrbanStudy\live-maga-runtime\live_run_summary.json","tmp\archive\freeze-local-evidence-20260609\mosaic-log-lightweight-evidence\log-20260608-004307-MaGaLiteratureBasedUrbanStudy\live-maga-runtime\live_run_summary.json","3572","0,003","195A8B3E4C819EE7EA0D86FBDC5A1C6D8972CACE6957DB23DCD7C63A8F227083","True","True"
"log-20260608-004307-MaGaLiteratureBasedUrbanStudy","tmp\mosaic-25.2\logs\log-20260608-004307-MaGaLiteratureBasedUrbanStudy\live-maga-runtime\live_run_summary.md","tmp\archive\freeze-local-evidence-20260609\mosaic-log-lightweight-evidence\log-20260608-004307-MaGaLiteratureBasedUrbanStudy\live-maga-runtime\live_run_summary.md","2744","0,003","AB20090890AC2B87E64A861696ACAD365E5A2413E1C857C17CCDAEC46F57A6F6","True","True"
"log-20260608-004338-MaGaLiteratureBasedUrbanStudy","tmp\mosaic-25.2\logs\log-20260608-004338-MaGaLiteratureBasedUrbanStudy\live-maga-runtime\literature_smoke_validation.json","tmp\archive\freeze-local-evidence-20260609\mosaic-log-lightweight-evidence\log-20260608-004338-MaGaLiteratureBasedUrbanStudy\live-maga-runtime\literature_smoke_validation.json","3418","0,003","742C2B4C2FE7B2E147D5D787B388C7C580E357AE9C8DACCFE9E07E2A4E586A87","True","True"
"log-20260608-004338-MaGaLiteratureBasedUrbanStudy","tmp\mosaic-25.2\logs\log-20260608-004338-MaGaLiteratureBasedUrbanStudy\live-maga-runtime\literature_smoke_validation.md","tmp\archive\freeze-local-evidence-20260609\mosaic-log-lightweight-evidence\log-20260608-004338-MaGaLiteratureBasedUrbanStudy\live-maga-runtime\literature_smoke_validation.md","1523","0,001","3AD9E07F57A680C87FF8DE499B2FD017B654C48EB044BE649578515BA79ED196","True","True"
"log-20260608-004338-MaGaLiteratureBasedUrbanStudy","tmp\mosaic-25.2\logs\log-20260608-004338-MaGaLiteratureBasedUrbanStudy\live-maga-runtime\live_published_snapshot_manifest.csv","tmp\archive\freeze-local-evidence-20260609\mosaic-log-lightweight-evidence\log-20260608-004338-MaGaLiteratureBasedUrbanStudy\live-maga-runtime\live_published_snapshot_manifest.csv","21546","0,021","8575EF5696FF7D04C669A024E5D5E3A21CD9AFF4DDD76ECB5D0914F2A2F8C04B","True","True"
"log-20260608-004338-MaGaLiteratureBasedUrbanStudy","tmp\mosaic-25.2\logs\log-20260608-004338-MaGaLiteratureBasedUrbanStudy\live-maga-runtime\live_run_summary.json","tmp\archive\freeze-local-evidence-20260609\mosaic-log-lightweight-evidence\log-20260608-004338-MaGaLiteratureBasedUrbanStudy\live-maga-runtime\live_run_summary.json","3570","0,003","97886DFD30619B5673A1427F4D7DF02E8E8D70B6540B743E0AF8B5B22F0FB028","True","True"
"log-20260608-004338-MaGaLiteratureBasedUrbanStudy","tmp\mosaic-25.2\logs\log-20260608-004338-MaGaLiteratureBasedUrbanStudy\live-maga-runtime\live_run_summary.md","tmp\archive\freeze-local-evidence-20260609\mosaic-log-lightweight-evidence\log-20260608-004338-MaGaLiteratureBasedUrbanStudy\live-maga-runtime\live_run_summary.md","2742","0,003","AE77422AEFBDEACF81A9A96E598506972FA6C18F8AE92A2DDBCF577CE87C16B4","True","True"
"log-20260608-004411-MaGaLiteratureBasedUrbanStudy","tmp\mosaic-25.2\logs\log-20260608-004411-MaGaLiteratureBasedUrbanStudy\live-maga-runtime\literature_smoke_validation.json","tmp\archive\freeze-local-evidence-20260609\mosaic-log-lightweight-evidence\log-20260608-004411-MaGaLiteratureBasedUrbanStudy\live-maga-runtime\literature_smoke_validation.json","3417","0,003","6EFD4821F77D49B8BB4BF3B1D0F57DBAAEA86D0CB7E1C68AB3E4D5238C9EABE8","True","True"
"log-20260608-004411-MaGaLiteratureBasedUrbanStudy","tmp\mosaic-25.2\logs\log-20260608-004411-MaGaLiteratureBasedUrbanStudy\live-maga-runtime\literature_smoke_validation.md","tmp\archive\freeze-local-evidence-20260609\mosaic-log-lightweight-evidence\log-20260608-004411-MaGaLiteratureBasedUrbanStudy\live-maga-runtime\literature_smoke_validation.md","1522","0,001","FC87882CC1A38E0AAE06CB005868800B3BDF0D3BB2A12F4F1A34F3E561E60154","True","True"
"log-20260608-004411-MaGaLiteratureBasedUrbanStudy","tmp\mosaic-25.2\logs\log-20260608-004411-MaGaLiteratureBasedUrbanStudy\live-maga-runtime\live_published_snapshot_manifest.csv","tmp\archive\freeze-local-evidence-20260609\mosaic-log-lightweight-evidence\log-20260608-004411-MaGaLiteratureBasedUrbanStudy\live-maga-runtime\live_published_snapshot_manifest.csv","21161","0,02","BBA622167695467BFE2FD02F07DBFB13697FDFDB3FBBDEB9EE60ACA445ED59B6","True","True"
"log-20260608-004411-MaGaLiteratureBasedUrbanStudy","tmp\mosaic-25.2\logs\log-20260608-004411-MaGaLiteratureBasedUrbanStudy\live-maga-runtime\live_run_summary.json","tmp\archive\freeze-local-evidence-20260609\mosaic-log-lightweight-evidence\log-20260608-004411-MaGaLiteratureBasedUrbanStudy\live-maga-runtime\live_run_summary.json","3569","0,003","6C6419972FC503E23C37AB2F37A71864353CAC1EF97A98CA6A0B72C1727878B3","True","True"
"log-20260608-004411-MaGaLiteratureBasedUrbanStudy","tmp\mosaic-25.2\logs\log-20260608-004411-MaGaLiteratureBasedUrbanStudy\live-maga-runtime\live_run_summary.md","tmp\archive\freeze-local-evidence-20260609\mosaic-log-lightweight-evidence\log-20260608-004411-MaGaLiteratureBasedUrbanStudy\live-maga-runtime\live_run_summary.md","2741","0,003","79BCD3D5BBFB2CD5339F774999272D4642F2997F447BD23595AECEC64C6206EC","True","True"
"log-20260608-004444-MaGaLiteratureBasedUrbanStudy","tmp\mosaic-25.2\logs\log-20260608-004444-MaGaLiteratureBasedUrbanStudy\live-maga-runtime\literature_smoke_validation.json","tmp\archive\freeze-local-evidence-20260609\mosaic-log-lightweight-evidence\log-20260608-004444-MaGaLiteratureBasedUrbanStudy\live-maga-runtime\literature_smoke_validation.json","3417","0,003","0AAB23B1513B84DCA4D5AF8741CA8BA363AAEE096F8683E810DFA137C1A5B562","True","True"
"log-20260608-004444-MaGaLiteratureBasedUrbanStudy","tmp\mosaic-25.2\logs\log-20260608-004444-MaGaLiteratureBasedUrbanStudy\live-maga-runtime\literature_smoke_validation.md","tmp\archive\freeze-local-evidence-20260609\mosaic-log-lightweight-evidence\log-20260608-004444-MaGaLiteratureBasedUrbanStudy\live-maga-runtime\literature_smoke_validation.md","1522","0,001","1530B8C8FA234CC2FA304CFE89ED7B661212E622EF61A31118085AC9F0F19C98","True","True"
"log-20260608-004444-MaGaLiteratureBasedUrbanStudy","tmp\mosaic-25.2\logs\log-20260608-004444-MaGaLiteratureBasedUrbanStudy\live-maga-runtime\live_published_snapshot_manifest.csv","tmp\archive\freeze-local-evidence-20260609\mosaic-log-lightweight-evidence\log-20260608-004444-MaGaLiteratureBasedUrbanStudy\live-maga-runtime\live_published_snapshot_manifest.csv","20834","0,02","C7D3A4EE71D24D43AF7658CD95E188924E2B8A7E46B13BE65C7829A133E172BC","True","True"
"log-20260608-004444-MaGaLiteratureBasedUrbanStudy","tmp\mosaic-25.2\logs\log-20260608-004444-MaGaLiteratureBasedUrbanStudy\live-maga-runtime\live_run_summary.json","tmp\archive\freeze-local-evidence-20260609\mosaic-log-lightweight-evidence\log-20260608-004444-MaGaLiteratureBasedUrbanStudy\live-maga-runtime\live_run_summary.json","3569","0,003","BD9D2AC8896B6C097A8B3BC7E70B2D2554AB5E740ABF864805FE8CD76346CBDD","True","True"
"log-20260608-004444-MaGaLiteratureBasedUrbanStudy","tmp\mosaic-25.2\logs\log-20260608-004444-MaGaLiteratureBasedUrbanStudy\live-maga-runtime\live_run_summary.md","tmp\archive\freeze-local-evidence-20260609\mosaic-log-lightweight-evidence\log-20260608-004444-MaGaLiteratureBasedUrbanStudy\live-maga-runtime\live_run_summary.md","2741","0,003","0C6D5C1CA818E6D520356E18FEDF6972A90D37637EAF451E50DEED5D94FFA03E","True","True"
"log-20260608-004519-MaGaLiteratureBasedUrbanStudy","tmp\mosaic-25.2\logs\log-20260608-004519-MaGaLiteratureBasedUrbanStudy\live-maga-runtime\literature_smoke_validation.json","tmp\archive\freeze-local-evidence-20260609\mosaic-log-lightweight-evidence\log-20260608-004519-MaGaLiteratureBasedUrbanStudy\live-maga-runtime\literature_smoke_validation.json","3419","0,003","95B6DB7B5D44E968B98229BEF964A247E4BDB80B304CDC6C7C8A3DDE95F3B709","True","True"
"log-20260608-004519-MaGaLiteratureBasedUrbanStudy","tmp\mosaic-25.2\logs\log-20260608-004519-MaGaLiteratureBasedUrbanStudy\live-maga-runtime\literature_smoke_validation.md","tmp\archive\freeze-local-evidence-20260609\mosaic-log-lightweight-evidence\log-20260608-004519-MaGaLiteratureBasedUrbanStudy\live-maga-runtime\literature_smoke_validation.md","1524","0,001","8B07F5C928B0B10D9AD751A6264013E5B5114ABAAEBD522DC7F12B802E2EE32F","True","True"
"log-20260608-004519-MaGaLiteratureBasedUrbanStudy","tmp\mosaic-25.2\logs\log-20260608-004519-MaGaLiteratureBasedUrbanStudy\live-maga-runtime\live_published_snapshot_manifest.csv","tmp\archive\freeze-local-evidence-20260609\mosaic-log-lightweight-evidence\log-20260608-004519-MaGaLiteratureBasedUrbanStudy\live-maga-runtime\live_published_snapshot_manifest.csv","56787","0,054","B0B69DC936132E64CDAADBBB9829D8BCB5A5B96A308823562D5F9D16B8E90ADB","True","True"
"log-20260608-004519-MaGaLiteratureBasedUrbanStudy","tmp\mosaic-25.2\logs\log-20260608-004519-MaGaLiteratureBasedUrbanStudy\live-maga-runtime\live_run_summary.json","tmp\archive\freeze-local-evidence-20260609\mosaic-log-lightweight-evidence\log-20260608-004519-MaGaLiteratureBasedUrbanStudy\live-maga-runtime\live_run_summary.json","3569","0,003","03680F6E1953DE100C6CAD24087570272A163F9DE92ED09881B7D8C154B9DAE2","True","True"
"log-20260608-004519-MaGaLiteratureBasedUrbanStudy","tmp\mosaic-25.2\logs\log-20260608-004519-MaGaLiteratureBasedUrbanStudy\live-maga-runtime\live_run_summary.md","tmp\archive\freeze-local-evidence-20260609\mosaic-log-lightweight-evidence\log-20260608-004519-MaGaLiteratureBasedUrbanStudy\live-maga-runtime\live_run_summary.md","2741","0,003","F3E62DD11D8B44AD7C3F5CA423F09C4039193734FC6971570671955DFE98ED12","True","True"
"log-20260608-004604-MaGaLiteratureBasedUrbanStudy","tmp\mosaic-25.2\logs\log-20260608-004604-MaGaLiteratureBasedUrbanStudy\live-maga-runtime\literature_smoke_validation.json","tmp\archive\freeze-local-evidence-20260609\mosaic-log-lightweight-evidence\log-20260608-004604-MaGaLiteratureBasedUrbanStudy\live-maga-runtime\literature_smoke_validation.json","3419","0,003","550EF172524B59ED3F933DBEDAA9BA0DD9187AD143F6CEA97964B0AB07C75536","True","True"
"log-20260608-004604-MaGaLiteratureBasedUrbanStudy","tmp\mosaic-25.2\logs\log-20260608-004604-MaGaLiteratureBasedUrbanStudy\live-maga-runtime\literature_smoke_validation.md","tmp\archive\freeze-local-evidence-20260609\mosaic-log-lightweight-evidence\log-20260608-004604-MaGaLiteratureBasedUrbanStudy\live-maga-runtime\literature_smoke_validation.md","1524","0,001","65669CA546FA8DEFBBEB6E8B992CC35B38D00487F6EF197C16EE6C753A933410","True","True"
"log-20260608-004604-MaGaLiteratureBasedUrbanStudy","tmp\mosaic-25.2\logs\log-20260608-004604-MaGaLiteratureBasedUrbanStudy\live-maga-runtime\live_published_snapshot_manifest.csv","tmp\archive\freeze-local-evidence-20260609\mosaic-log-lightweight-evidence\log-20260608-004604-MaGaLiteratureBasedUrbanStudy\live-maga-runtime\live_published_snapshot_manifest.csv","58220","0,056","4E15E98D3A85DC68000513428757FFCC520A2FCE31151E9F413BE61D0865500C","True","True"
"log-20260608-004604-MaGaLiteratureBasedUrbanStudy","tmp\mosaic-25.2\logs\log-20260608-004604-MaGaLiteratureBasedUrbanStudy\live-maga-runtime\live_run_summary.json","tmp\archive\freeze-local-evidence-20260609\mosaic-log-lightweight-evidence\log-20260608-004604-MaGaLiteratureBasedUrbanStudy\live-maga-runtime\live_run_summary.json","3569","0,003","7E78E4C59F16EFD8EDAF451AB33B30E9ACCCEBBDFCB9B8943D8F14D1FE17C307","True","True"
"log-20260608-004604-MaGaLiteratureBasedUrbanStudy","tmp\mosaic-25.2\logs\log-20260608-004604-MaGaLiteratureBasedUrbanStudy\live-maga-runtime\live_run_summary.md","tmp\archive\freeze-local-evidence-20260609\mosaic-log-lightweight-evidence\log-20260608-004604-MaGaLiteratureBasedUrbanStudy\live-maga-runtime\live_run_summary.md","2741","0,003","57CC240CA5E023CA88B53B1688EBDDDCE76076BE923B9ABAD4EB724973118990","True","True"
"log-20260608-004650-MaGaLiteratureBasedUrbanStudy","tmp\mosaic-25.2\logs\log-20260608-004650-MaGaLiteratureBasedUrbanStudy\live-maga-runtime\literature_smoke_validation.json","tmp\archive\freeze-local-evidence-20260609\mosaic-log-lightweight-evidence\log-20260608-004650-MaGaLiteratureBasedUrbanStudy\live-maga-runtime\literature_smoke_validation.json","3420","0,003","9DFE21DDEFE7A8EA63896BD8A3310B10656DFE9550BAE0FFA4153364A09B097C","True","True"
"log-20260608-004650-MaGaLiteratureBasedUrbanStudy","tmp\mosaic-25.2\logs\log-20260608-004650-MaGaLiteratureBasedUrbanStudy\live-maga-runtime\literature_smoke_validation.md","tmp\archive\freeze-local-evidence-20260609\mosaic-log-lightweight-evidence\log-20260608-004650-MaGaLiteratureBasedUrbanStudy\live-maga-runtime\literature_smoke_validation.md","1525","0,001","7C3A925F8F1E0AE1D165705C8267A5072B6DC969D3853FB3CEBF561B98757ADA","True","True"
"log-20260608-004650-MaGaLiteratureBasedUrbanStudy","tmp\mosaic-25.2\logs\log-20260608-004650-MaGaLiteratureBasedUrbanStudy\live-maga-runtime\live_published_snapshot_manifest.csv","tmp\archive\freeze-local-evidence-20260609\mosaic-log-lightweight-evidence\log-20260608-004650-MaGaLiteratureBasedUrbanStudy\live-maga-runtime\live_published_snapshot_manifest.csv","51949","0,05","147C4244C3E4FA0886B5C133AE3D1B5ED7EDDEA4195F123633692350DA3E6140","True","True"
"log-20260608-004650-MaGaLiteratureBasedUrbanStudy","tmp\mosaic-25.2\logs\log-20260608-004650-MaGaLiteratureBasedUrbanStudy\live-maga-runtime\live_run_summary.json","tmp\archive\freeze-local-evidence-20260609\mosaic-log-lightweight-evidence\log-20260608-004650-MaGaLiteratureBasedUrbanStudy\live-maga-runtime\live_run_summary.json","3570","0,003","73F34FED0CD1A1E0ED5F13E91F8DE2D71044D7736025DF67859166860F038A03","True","True"
"log-20260608-004650-MaGaLiteratureBasedUrbanStudy","tmp\mosaic-25.2\logs\log-20260608-004650-MaGaLiteratureBasedUrbanStudy\live-maga-runtime\live_run_summary.md","tmp\archive\freeze-local-evidence-20260609\mosaic-log-lightweight-evidence\log-20260608-004650-MaGaLiteratureBasedUrbanStudy\live-maga-runtime\live_run_summary.md","2742","0,003","EB0617DC181E26360C5131142318BFCD3F5F88E986A1E9A7714DEB36C17D44F0","True","True"
"log-20260608-004738-MaGaLiteratureBasedUrbanStudy","tmp\mosaic-25.2\logs\log-20260608-004738-MaGaLiteratureBasedUrbanStudy\live-maga-runtime\literature_smoke_validation.json","tmp\archive\freeze-local-evidence-20260609\mosaic-log-lightweight-evidence\log-20260608-004738-MaGaLiteratureBasedUrbanStudy\live-maga-runtime\literature_smoke_validation.json","3419","0,003","2025B707A918760DFBB07B2CE7649C71E57AA0A0E8E320962CAD5EC815A0516D","True","True"
"log-20260608-004738-MaGaLiteratureBasedUrbanStudy","tmp\mosaic-25.2\logs\log-20260608-004738-MaGaLiteratureBasedUrbanStudy\live-maga-runtime\literature_smoke_validation.md","tmp\archive\freeze-local-evidence-20260609\mosaic-log-lightweight-evidence\log-20260608-004738-MaGaLiteratureBasedUrbanStudy\live-maga-runtime\literature_smoke_validation.md","1524","0,001","CB1C374F0687F20FC8D133E980E5356C974DAC298B5FE354EC013F789D3C550C","True","True"
"log-20260608-004738-MaGaLiteratureBasedUrbanStudy","tmp\mosaic-25.2\logs\log-20260608-004738-MaGaLiteratureBasedUrbanStudy\live-maga-runtime\live_published_snapshot_manifest.csv","tmp\archive\freeze-local-evidence-20260609\mosaic-log-lightweight-evidence\log-20260608-004738-MaGaLiteratureBasedUrbanStudy\live-maga-runtime\live_published_snapshot_manifest.csv","55447","0,053","55234B9D9C7C8EADFFAB34E78BF40417EF7A573056765CBA4939689E71ED2F65","True","True"
"log-20260608-004738-MaGaLiteratureBasedUrbanStudy","tmp\mosaic-25.2\logs\log-20260608-004738-MaGaLiteratureBasedUrbanStudy\live-maga-runtime\live_run_summary.json","tmp\archive\freeze-local-evidence-20260609\mosaic-log-lightweight-evidence\log-20260608-004738-MaGaLiteratureBasedUrbanStudy\live-maga-runtime\live_run_summary.json","3570","0,003","35F9EFB0AF0BEE2F61B57CE223449259B2DC7250979BE2397D1460F00C576EFC","True","True"
"log-20260608-004738-MaGaLiteratureBasedUrbanStudy","tmp\mosaic-25.2\logs\log-20260608-004738-MaGaLiteratureBasedUrbanStudy\live-maga-runtime\live_run_summary.md","tmp\archive\freeze-local-evidence-20260609\mosaic-log-lightweight-evidence\log-20260608-004738-MaGaLiteratureBasedUrbanStudy\live-maga-runtime\live_run_summary.md","2742","0,003","1A46F695B13CC94D310AFD254F6E0628DBB6A3A7E618C5A340E5C5F5112C8C38","True","True"
"log-20260608-014604-MaGaLiteratureBasedUrbanStudy","tmp\mosaic-25.2\logs\log-20260608-014604-MaGaLiteratureBasedUrbanStudy\live-maga-runtime\live_published_snapshot_manifest.csv","tmp\archive\freeze-local-evidence-20260609\mosaic-log-lightweight-evidence\log-20260608-014604-MaGaLiteratureBasedUrbanStudy\live-maga-runtime\live_published_snapshot_manifest.csv","10797","0,01","8AE078FCACAB2A53E244DF9A54375537EBDE288A8A389C2B0E92012CF0941407","True","True"
"log-20260608-020553-MaGaLiteratureBasedUrbanStudy","tmp\mosaic-25.2\logs\log-20260608-020553-MaGaLiteratureBasedUrbanStudy\live-maga-runtime\live_published_snapshot_manifest.csv","tmp\archive\freeze-local-evidence-20260609\mosaic-log-lightweight-evidence\log-20260608-020553-MaGaLiteratureBasedUrbanStudy\live-maga-runtime\live_published_snapshot_manifest.csv","10797","0,01","8AE078FCACAB2A53E244DF9A54375537EBDE288A8A389C2B0E92012CF0941407","True","True"
"log-20260608-103416-MaGaLiteratureBasedUrbanStudy","tmp\mosaic-25.2\logs\log-20260608-103416-MaGaLiteratureBasedUrbanStudy\live-maga-runtime\live_published_snapshot_manifest.csv","tmp\archive\freeze-local-evidence-20260609\mosaic-log-lightweight-evidence\log-20260608-103416-MaGaLiteratureBasedUrbanStudy\live-maga-runtime\live_published_snapshot_manifest.csv","10797","0,01","8AE078FCACAB2A53E244DF9A54375537EBDE288A8A389C2B0E92012CF0941407","True","True"
"log-20260608-112349-MaGaLiteratureBasedUrbanStudy","tmp\mosaic-25.2\logs\log-20260608-112349-MaGaLiteratureBasedUrbanStudy\live-maga-runtime\literature_smoke_validation.json","tmp\archive\freeze-local-evidence-20260609\mosaic-log-lightweight-evidence\log-20260608-112349-MaGaLiteratureBasedUrbanStudy\live-maga-runtime\literature_smoke_validation.json","3415","0,003","80D1DD0C17C0D581591F7657214FCE8E3363375E2BDC4FFB491D1D3B6BD9481F","True","True"
"log-20260608-112349-MaGaLiteratureBasedUrbanStudy","tmp\mosaic-25.2\logs\log-20260608-112349-MaGaLiteratureBasedUrbanStudy\live-maga-runtime\literature_smoke_validation.md","tmp\archive\freeze-local-evidence-20260609\mosaic-log-lightweight-evidence\log-20260608-112349-MaGaLiteratureBasedUrbanStudy\live-maga-runtime\literature_smoke_validation.md","1520","0,001","F1ACD1B5F3B3993569D393D39423D0FB1647347EFEE9A07278D048F92E28CAF9","True","True"
"log-20260608-112349-MaGaLiteratureBasedUrbanStudy","tmp\mosaic-25.2\logs\log-20260608-112349-MaGaLiteratureBasedUrbanStudy\live-maga-runtime\live_published_snapshot_manifest.csv","tmp\archive\freeze-local-evidence-20260609\mosaic-log-lightweight-evidence\log-20260608-112349-MaGaLiteratureBasedUrbanStudy\live-maga-runtime\live_published_snapshot_manifest.csv","27518","0,026","72B5F6FC50531BA03EEED4999EA7461E71929948673B0FC004B574E42717F0AB","True","True"
"log-20260608-112349-MaGaLiteratureBasedUrbanStudy","tmp\mosaic-25.2\logs\log-20260608-112349-MaGaLiteratureBasedUrbanStudy\live-maga-runtime\live_run_summary.json","tmp\archive\freeze-local-evidence-20260609\mosaic-log-lightweight-evidence\log-20260608-112349-MaGaLiteratureBasedUrbanStudy\live-maga-runtime\live_run_summary.json","3569","0,003","FA2B569543F61E4CD7ACFEF956F5DD66E4E2B2374CF2A9CF27D3101AAACF6D05","True","True"
"log-20260608-112349-MaGaLiteratureBasedUrbanStudy","tmp\mosaic-25.2\logs\log-20260608-112349-MaGaLiteratureBasedUrbanStudy\live-maga-runtime\live_run_summary.md","tmp\archive\freeze-local-evidence-20260609\mosaic-log-lightweight-evidence\log-20260608-112349-MaGaLiteratureBasedUrbanStudy\live-maga-runtime\live_run_summary.md","2741","0,003","30DB79BD5C4D494E7309F75E889995226A325C2339CDCC1F76D454F5BEB0EC42","True","True"
"log-20260608-114537-MaGaLiteratureBasedUrbanStudy","tmp\mosaic-25.2\logs\log-20260608-114537-MaGaLiteratureBasedUrbanStudy\live-maga-runtime\literature_smoke_validation.json","tmp\archive\freeze-local-evidence-20260609\mosaic-log-lightweight-evidence\log-20260608-114537-MaGaLiteratureBasedUrbanStudy\live-maga-runtime\literature_smoke_validation.json","3419","0,003","832E3910666D50CAAD1B0A3E3B9B3E2C66108B41F89671E35F94CF70118475E6","True","True"
"log-20260608-114537-MaGaLiteratureBasedUrbanStudy","tmp\mosaic-25.2\logs\log-20260608-114537-MaGaLiteratureBasedUrbanStudy\live-maga-runtime\literature_smoke_validation.md","tmp\archive\freeze-local-evidence-20260609\mosaic-log-lightweight-evidence\log-20260608-114537-MaGaLiteratureBasedUrbanStudy\live-maga-runtime\literature_smoke_validation.md","1524","0,001","F24777E849A38F155CE57D60B431393717BFF39BF70E6B3023E712DD90C92061","True","True"
"log-20260608-114537-MaGaLiteratureBasedUrbanStudy","tmp\mosaic-25.2\logs\log-20260608-114537-MaGaLiteratureBasedUrbanStudy\live-maga-runtime\live_published_snapshot_manifest.csv","tmp\archive\freeze-local-evidence-20260609\mosaic-log-lightweight-evidence\log-20260608-114537-MaGaLiteratureBasedUrbanStudy\live-maga-runtime\live_published_snapshot_manifest.csv","10797","0,01","8AE078FCACAB2A53E244DF9A54375537EBDE288A8A389C2B0E92012CF0941407","True","True"
"log-20260608-114537-MaGaLiteratureBasedUrbanStudy","tmp\mosaic-25.2\logs\log-20260608-114537-MaGaLiteratureBasedUrbanStudy\live-maga-runtime\live_run_summary.json","tmp\archive\freeze-local-evidence-20260609\mosaic-log-lightweight-evidence\log-20260608-114537-MaGaLiteratureBasedUrbanStudy\live-maga-runtime\live_run_summary.json","3572","0,003","DA32A7D0F5983106C98D73ABDC3AEBCEFC43ABB098C8DB767D93981A53BC3811","True","True"
"log-20260608-114537-MaGaLiteratureBasedUrbanStudy","tmp\mosaic-25.2\logs\log-20260608-114537-MaGaLiteratureBasedUrbanStudy\live-maga-runtime\live_run_summary.md","tmp\archive\freeze-local-evidence-20260609\mosaic-log-lightweight-evidence\log-20260608-114537-MaGaLiteratureBasedUrbanStudy\live-maga-runtime\live_run_summary.md","2744","0,003","EC81457D6C109D93A38A5D911D06F733480C0A0F50B6EC9B6A7D789E6F8405A6","True","True"
"log-20260608-125754-MaGaLiteratureBasedUrbanStudy","tmp\mosaic-25.2\logs\log-20260608-125754-MaGaLiteratureBasedUrbanStudy\live-maga-runtime\literature_smoke_validation.json","tmp\archive\freeze-local-evidence-20260609\mosaic-log-lightweight-evidence\log-20260608-125754-MaGaLiteratureBasedUrbanStudy\live-maga-runtime\literature_smoke_validation.json","3711","0,004","85E1E6ADC5D8FA53F7CCA5A8BA23204F812785301E34F75F4E8EAB2B7703A797","True","True"
"log-20260608-125754-MaGaLiteratureBasedUrbanStudy","tmp\mosaic-25.2\logs\log-20260608-125754-MaGaLiteratureBasedUrbanStudy\live-maga-runtime\literature_smoke_validation.md","tmp\archive\freeze-local-evidence-20260609\mosaic-log-lightweight-evidence\log-20260608-125754-MaGaLiteratureBasedUrbanStudy\live-maga-runtime\literature_smoke_validation.md","1867","0,002","C38494EA73F99827AC2BBD3424CCABC6F71B3CFE57E12176A63428F244C73D67","True","True"
"log-20260608-125754-MaGaLiteratureBasedUrbanStudy","tmp\mosaic-25.2\logs\log-20260608-125754-MaGaLiteratureBasedUrbanStudy\live-maga-runtime\live_published_snapshot_manifest.csv","tmp\archive\freeze-local-evidence-20260609\mosaic-log-lightweight-evidence\log-20260608-125754-MaGaLiteratureBasedUrbanStudy\live-maga-runtime\live_published_snapshot_manifest.csv","27518","0,026","72B5F6FC50531BA03EEED4999EA7461E71929948673B0FC004B574E42717F0AB","True","True"
"log-20260608-125754-MaGaLiteratureBasedUrbanStudy","tmp\mosaic-25.2\logs\log-20260608-125754-MaGaLiteratureBasedUrbanStudy\live-maga-runtime\live_run_summary.json","tmp\archive\freeze-local-evidence-20260609\mosaic-log-lightweight-evidence\log-20260608-125754-MaGaLiteratureBasedUrbanStudy\live-maga-runtime\live_run_summary.json","3954","0,004","942D61B476A69D33AF13B1C5CBB10F821F6917A6C2D25068975A90E25758C4F6","True","True"
"log-20260608-125754-MaGaLiteratureBasedUrbanStudy","tmp\mosaic-25.2\logs\log-20260608-125754-MaGaLiteratureBasedUrbanStudy\live-maga-runtime\live_run_summary.md","tmp\archive\freeze-local-evidence-20260609\mosaic-log-lightweight-evidence\log-20260608-125754-MaGaLiteratureBasedUrbanStudy\live-maga-runtime\live_run_summary.md","3136","0,003","B35AD7E3DC4B0C7B6FB792B974EE75BD06BDC081007579C478FC0B2023FE8FCF","True","True"
"log-20260608-155008-MaGaLiteratureBasedUrbanStudy","tmp\mosaic-25.2\logs\log-20260608-155008-MaGaLiteratureBasedUrbanStudy\live-maga-runtime\literature_smoke_validation.json","tmp\archive\freeze-local-evidence-20260609\mosaic-log-lightweight-evidence\log-20260608-155008-MaGaLiteratureBasedUrbanStudy\live-maga-runtime\literature_smoke_validation.json","3724","0,004","35BF9867ABF15097D67184CE6A566FD4E9DF097A9860078DC9499DD9B0791CAC","True","True"
"log-20260608-155008-MaGaLiteratureBasedUrbanStudy","tmp\mosaic-25.2\logs\log-20260608-155008-MaGaLiteratureBasedUrbanStudy\live-maga-runtime\literature_smoke_validation.md","tmp\archive\freeze-local-evidence-20260609\mosaic-log-lightweight-evidence\log-20260608-155008-MaGaLiteratureBasedUrbanStudy\live-maga-runtime\literature_smoke_validation.md","1876","0,002","473419BDEA981984A69870B68D87475B95A31F2BB57CE2C8FBE49F55E73C992D","True","True"
"log-20260608-155008-MaGaLiteratureBasedUrbanStudy","tmp\mosaic-25.2\logs\log-20260608-155008-MaGaLiteratureBasedUrbanStudy\live-maga-runtime\live_published_snapshot_manifest.csv","tmp\archive\freeze-local-evidence-20260609\mosaic-log-lightweight-evidence\log-20260608-155008-MaGaLiteratureBasedUrbanStudy\live-maga-runtime\live_published_snapshot_manifest.csv","10797","0,01","8AE078FCACAB2A53E244DF9A54375537EBDE288A8A389C2B0E92012CF0941407","True","True"
"log-20260608-155008-MaGaLiteratureBasedUrbanStudy","tmp\mosaic-25.2\logs\log-20260608-155008-MaGaLiteratureBasedUrbanStudy\live-maga-runtime\live_run_summary.json","tmp\archive\freeze-local-evidence-20260609\mosaic-log-lightweight-evidence\log-20260608-155008-MaGaLiteratureBasedUrbanStudy\live-maga-runtime\live_run_summary.json","3968","0,004","607961A55D91FD383519DE3EC1716070938F7DC1CE06ED1AA78A21DD3173343A","True","True"
"log-20260608-155008-MaGaLiteratureBasedUrbanStudy","tmp\mosaic-25.2\logs\log-20260608-155008-MaGaLiteratureBasedUrbanStudy\live-maga-runtime\live_run_summary.md","tmp\archive\freeze-local-evidence-20260609\mosaic-log-lightweight-evidence\log-20260608-155008-MaGaLiteratureBasedUrbanStudy\live-maga-runtime\live_run_summary.md","3146","0,003","EA3DC6F408823B5FF426342E23BB225CA3F15838DA4A4D1AC428F0BCF5F97F97","True","True"
"log-20260608-164006-MaGaLiteratureBasedUrbanStudy","tmp\mosaic-25.2\logs\log-20260608-164006-MaGaLiteratureBasedUrbanStudy\live-maga-runtime\literature_smoke_validation.json","tmp\archive\freeze-local-evidence-20260609\mosaic-log-lightweight-evidence\log-20260608-164006-MaGaLiteratureBasedUrbanStudy\live-maga-runtime\literature_smoke_validation.json","4251","0,004","A2D87C8A424476AB17DBC46CD597C58419A04FDF12F70E29C7DE25D49BB18793","True","True"
"log-20260608-164006-MaGaLiteratureBasedUrbanStudy","tmp\mosaic-25.2\logs\log-20260608-164006-MaGaLiteratureBasedUrbanStudy\live-maga-runtime\literature_smoke_validation.md","tmp\archive\freeze-local-evidence-20260609\mosaic-log-lightweight-evidence\log-20260608-164006-MaGaLiteratureBasedUrbanStudy\live-maga-runtime\literature_smoke_validation.md","2315","0,002","173AE2F488A9EB2C5B50609749490B1D252AA2138ACF27B8FF3C8F9E48D89C44","True","True"
"log-20260608-164006-MaGaLiteratureBasedUrbanStudy","tmp\mosaic-25.2\logs\log-20260608-164006-MaGaLiteratureBasedUrbanStudy\live-maga-runtime\live_published_snapshot_manifest.csv","tmp\archive\freeze-local-evidence-20260609\mosaic-log-lightweight-evidence\log-20260608-164006-MaGaLiteratureBasedUrbanStudy\live-maga-runtime\live_published_snapshot_manifest.csv","10797","0,01","8AE078FCACAB2A53E244DF9A54375537EBDE288A8A389C2B0E92012CF0941407","True","True"
"log-20260608-164006-MaGaLiteratureBasedUrbanStudy","tmp\mosaic-25.2\logs\log-20260608-164006-MaGaLiteratureBasedUrbanStudy\live-maga-runtime\live_run_summary.json","tmp\archive\freeze-local-evidence-20260609\mosaic-log-lightweight-evidence\log-20260608-164006-MaGaLiteratureBasedUrbanStudy\live-maga-runtime\live_run_summary.json","4496","0,004","A5BB08A784F011EEC13718E6AEECBD96E356FBFF1161C360C3800509F78F9610","True","True"
"log-20260608-164006-MaGaLiteratureBasedUrbanStudy","tmp\mosaic-25.2\logs\log-20260608-164006-MaGaLiteratureBasedUrbanStudy\live-maga-runtime\live_run_summary.md","tmp\archive\freeze-local-evidence-20260609\mosaic-log-lightweight-evidence\log-20260608-164006-MaGaLiteratureBasedUrbanStudy\live-maga-runtime\live_run_summary.md","3621","0,003","6B0278A937015B36B959DE63A709398AA2A34D9AD4837D4D0780D78F14C0DC89","True","True"
